铭文ID,对应技能,角色,描述,图片,可进阶物品,所需材料,所需材料数量,合成需求材料,所需材料数量,铭文品阶,类型(1:主动 2:触发 3:普通攻击  4:数值其他),铭文名称,特殊效果(1穿刺射击2爆破射击3速度提升4爆炸子弹5大号铅弹6狂暴7寒冰炸弹8永冻墙9碎冰10霜冻新星11法力精通12破甲冰锥13雷电精通14电量过载15破甲盾击16致命盾击17斩杀18闪电一击19古风拳强化20古风拳精通21烈风22寒风23打闷24持强凌弱25火陨术强化26暗陨术27火焰暴击28火焰爆炸29熔冰30燃爆),新增dot,dot特效,dot伤害基于普攻,dot持续时间,dot间隔,是否叠加（1是，2否）,是否重置持续时间（1是，2否）,技能AfterSkill,技能特效改变,附带怪物状态改变(1眩晕2冰冻3沉默4恐惧5冰霜效果6昏迷7火焰),状态改变持续时间,状态改变几率,怪物受击变化类型（1减少物防等级2暴击伤害增加3减少魔抗等级4移动速度改变5减少抗暴百分比,怪物数值变化,造成伤害类型（1技能额外伤害2基于攻击力额外伤害3基于攻击力爆炸4暴击伤害增加,造成伤害,状态减宜持续时间,附带怪物状态改变的特效,技能半径,攻击防御塔增加属性(1暴击2攻击速度3能量4额外攻击5物理基础攻击力6魔法基础攻击力7暴击伤害8命中9控制时间10不受控制几率11射程12出售爆炸13出售额外金钱14减少建造金钱15脱战回能16),防御塔数值变化,持续时间,是否叠加（1是，0否）,是否重置持续时间（1是，0否）,特殊铭文数值,铭文类型
ID_ks,Skill_c,Character_s,Describe_s,Picture_s,Evo_s,Material_s,Number_n,Compose_s,ComposeNumber_n,Quality_n,Type_n,Name_s,SpecialEffect_n,Dot_n,DotEffect_s,DotDamage_n,DotDuration_n,DotInterval_n,DotOverlap_n,DotReset_n,AfterSkill_s,SkillEffectChange_s,MonsterStatusChange_n,MonsterStatusTime_n,MonsterStatusValue_n,MonsterAttributeChange_n,MonsterValue_n,MonsterDamageClass_n,MonsterHitDamage_n,MonsterDebuffTime_n,MonsterStatusChangeEffect_s,SkillRange_n,TowerAttributeChange_n,Value_n,TowerBuffTime_n,TowerBuffOverlap_n,TowerBuffReset_n,TowerSpecialBuff_n,IncriptionClass_n
Peanut_Inscription_03_01_01,枪林弹雨,T04,子弹击中目标后会发生爆破对目标附近怪物造成微量伤害。,icn_ABulletStorm.png,Peanut_Inscription_03_01_02,,0,Peanut_InscriptionPieces_03_01,5,1,1,【普通】爆破铭文,2,0,0,0,0,0,,,,,0,0,0,0,0,4,0.3,0,0,0.3,0,0,0,0,0,0,Peanut_Inscription_03_01
Peanut_Inscription_03_01_02,,T04,子弹击中目标后会发生爆破对目标附近怪物造成少量伤害。,icn_ABulletStorm.png,Peanut_Inscription_03_01_03,Peanut_InscriptionPieces_03_01,20,0,0,2,1,【精品】爆破铭文,2,0,0,0,0,0,,,,,0,0,0,0,0,4,0.4,0,0,0.3,0,0,0,0,0,0,Peanut_Inscription_03_01
Peanut_Inscription_03_01_03,,T04,子弹击中目标后会发生爆破对目标附近怪物造成中量伤害。,icn_ABulletStorm.png,Peanut_Inscription_03_01_04,Peanut_InscriptionPieces_03_01,50,0,0,3,1,【稀有】爆破铭文,2,0,0,0,0,0,,,,,0,0,0,0,0,4,0.5,0,0,0.3,0,0,0,0,0,0,Peanut_Inscription_03_01
Peanut_Inscription_03_01_04,,T04,子弹击中目标后会发生爆破对目标附近怪物造成大量伤害。,icn_ABulletStorm.png,Peanut_Inscription_03_01_05,Peanut_InscriptionPieces_03_01,100,0,0,4,1,【史诗】爆破铭文,2,0,0,0,0,0,,,,,0,0,0,0,0,4,0.6,0,0,0.3,0,0,0,0,0,0,Peanut_Inscription_03_01
Peanut_Inscription_03_01_05,,T04,子弹击中目标后会发生爆破对目标附近怪物造成巨量伤害。,icn_ABulletStorm.png,0,Peanut_InscriptionPieces_03_01,200,0,0,5,1,【传说】爆破铭文,2,0,0,0,0,0,,,,,0,0,0,0,0,4,0.7,0,0,0.3,0,0,0,0,0,0,Peanut_Inscription_03_01
Peanut_Inscription_03_02_01,枪林弹雨,T04,子弹附有穿透效果，对每个敌人造成的伤害巨量递减。,icn_ABulletStorm.png,Peanut_Inscription_03_02_02,,0,Peanut_InscriptionPieces_03_02,5,1,1,【普通】穿刺铭文,1,0,0,0,0,0,,,,,0,0,0,0,0,1,-0.4,0,0,0,0,0,0,0,0,0,Peanut_Inscription_03_02
Peanut_Inscription_03_02_02,,T04,子弹附有穿透效果，对每个敌人造成的伤害大量递减。,icn_ABulletStorm.png,Peanut_Inscription_03_02_03,Peanut_InscriptionPieces_03_02,20,0,0,2,1,【精品】穿刺铭文,1,0,0,0,0,0,,,,,0,0,0,0,0,1,-0.3,0,0,0,0,0,0,0,0,0,Peanut_Inscription_03_02
Peanut_Inscription_03_02_03,,T04,子弹附有穿透效果，对每个敌人造成的伤害中量递减。,icn_ABulletStorm.png,Peanut_Inscription_03_02_04,Peanut_InscriptionPieces_03_02,50,0,0,3,1,【稀有】穿刺铭文,1,0,0,0,0,0,,,,,0,0,0,0,0,1,-0.2,0,0,0,0,0,0,0,0,0,Peanut_Inscription_03_02
Peanut_Inscription_03_02_04,,T04,子弹附有穿透效果，对每个敌人造成的伤害少量递减。,icn_ABulletStorm.png,Peanut_Inscription_03_02_05,Peanut_InscriptionPieces_03_02,100,0,0,4,1,【史诗】穿刺铭文,1,0,0,0,0,0,,,,,0,0,0,0,0,1,-0.1,0,0,0,0,0,0,0,0,0,Peanut_Inscription_03_02
Peanut_Inscription_03_02_05,,T04,子弹附有穿透效果，对每个敌人造成的伤害微量递减。,icn_ABulletStorm.png,0,Peanut_InscriptionPieces_03_02,200,0,0,5,1,【传说】穿刺铭文,1,0,0,0,0,0,,,,,0,0,0,0,0,0,0,0,0,0,0,0,0,0,0,0,Peanut_Inscription_03_02
Peanut_Inscription_02_01_01,穿透弹,T04,每攻击到一位敌人，子弹攻击力较小幅度提升。,icn_PPrecisionShoot.png,Peanut_Inscription_02_01_02,,0,Peanut_InscriptionPieces_02_01,5,1,2,【普通】速度铭文,3,0,0,0,0,0,,,,,0,0,0,0,0,0,0,0,0,0,2,0.05,3,1,1,0,Peanut_Inscription_02_01
Peanut_Inscription_02_01_02,,T04,每攻击到一位敌人，子弹攻击力小幅度提升。,icn_PPrecisionShoot.png,Peanut_Inscription_02_01_03,Peanut_InscriptionPieces_02_01,20,0,0,2,2,【精品】速度铭文,3,0,0,0,0,0,,,,,0,0,0,0,0,0,0,0,0,0,2,0.07,3,1,1,0,Peanut_Inscription_02_01
Peanut_Inscription_02_01_03,,T04,每攻击到一位敌人，子弹攻击力较大幅度提升。,icn_PPrecisionShoot.png,Peanut_Inscription_02_01_04,Peanut_InscriptionPieces_02_01,50,0,0,3,2,【稀有】速度铭文,3,0,0,0,0,0,,,,,0,0,0,0,0,0,0,0,0,0,2,0.09,3,1,1,0,Peanut_Inscription_02_01
Peanut_Inscription_02_01_04,,T04,每攻击到一位敌人，子弹攻击力大幅度提升。,icn_PPrecisionShoot.png,Peanut_Inscription_02_01_05,Peanut_InscriptionPieces_02_01,100,0,0,4,2,【史诗】速度铭文,3,0,0,0,0,0,,,,,0,0,0,0,0,0,0,0,0,0,2,0.11,3,1,1,0,Peanut_Inscription_02_01
Peanut_Inscription_02_01_05,,T04,每攻击到一位敌人，子弹攻击力特大幅度提升。,icn_PPrecisionShoot.png,0,Peanut_InscriptionPieces_02_01,200,0,0,5,2,【传说】速度铭文,3,0,0,0,0,0,,,,,0,0,0,0,0,0,0,0,0,0,2,0.13,3,1,1,0,Peanut_Inscription_02_01
Peanut_Inscription_02_02_01,穿透弹,T04,较小额度减少怪物护甲值。,icn_PPrecisionShoot.png,Peanut_Inscription_02_02_02,,0,Peanut_InscriptionPieces_02_02,5,1,2,【普通】破甲铭文,4,0,0,0,0,0,,,,,0,0,0,1,-2,0,0,5,Weak_Hit,0,0,0,0,0,0,0,Peanut_Inscription_02_02
Peanut_Inscription_02_02_02,,T04,小额度减少怪物护甲值。,icn_PPrecisionShoot.png,Peanut_Inscription_02_02_03,Peanut_InscriptionPieces_02_02,20,0,0,2,2,【精品】破甲铭文,4,0,0,0,0,0,,,,,0,0,0,1,-3,0,0,5,Weak_Hit,0,0,0,0,0,0,0,Peanut_Inscription_02_02
Peanut_Inscription_02_02_03,,T04,较大额度减少怪物护甲值。,icn_PPrecisionShoot.png,Peanut_Inscription_02_02_04,Peanut_InscriptionPieces_02_02,50,0,0,3,2,【稀有】破甲铭文,4,0,0,0,0,0,,,,,0,0,0,1,-4,0,0,5,Weak_Hit,0,0,0,0,0,0,0,Peanut_Inscription_02_02
Peanut_Inscription_02_02_04,,T04,大额度减少怪物护甲值。,icn_PPrecisionShoot.png,Peanut_Inscription_02_02_05,Peanut_InscriptionPieces_02_02,100,0,0,4,2,【史诗】破甲铭文,4,0,0,0,0,0,,,,,0,0,0,1,-5,0,0,5,Weak_Hit,0,0,0,0,0,0,0,Peanut_Inscription_02_02
Peanut_Inscription_02_02_05,,T04,巨大额度减少怪物护甲值。,icn_PPrecisionShoot.png,0,Peanut_InscriptionPieces_02_02,200,0,0,5,2,【传说】破甲铭文,4,0,0,0,0,0,,,,,0,0,0,1,-6,0,0,5,Weak_Hit,0,0,0,0,0,0,0,Peanut_Inscription_02_02
Peanut_Inscription_01_01_01,普攻,T04,暴击后增加攻速持续3秒。,icn_RangePhysic.png,Peanut_Inscription_01_01_02,,0,Peanut_InscriptionPieces_01_01,5,1,3,【普通】狂暴铭文,6,0,0,0,0,0,,,,,0,0,0,0,0,0,0,0,0,0,2,0.1,3,1,1,0,Peanut_Inscription_01_01
Peanut_Inscription_01_01_02,,T04,暴击后增加攻速持续4秒。,icn_RangePhysic.png,Peanut_Inscription_01_01_03,Peanut_InscriptionPieces_01_01,20,0,0,2,3,【精品】狂暴铭文,6,0,0,0,0,0,,,,,0,0,0,0,0,0,0,0,0,0,2,0.15,3,1,1,0,Peanut_Inscription_01_01
Peanut_Inscription_01_01_03,,T04,暴击后增加攻速持续5秒。,icn_RangePhysic.png,Peanut_Inscription_01_01_04,Peanut_InscriptionPieces_01_01,50,0,0,3,3,【稀有】狂暴铭文,6,0,0,0,0,0,,,,,0,0,0,0,0,0,0,0,0,0,2,0.2,3,1,1,0,Peanut_Inscription_01_01
Peanut_Inscription_01_01_04,,T04,暴击后增加攻速持续6秒。,icn_RangePhysic.png,Peanut_Inscription_01_01_05,Peanut_InscriptionPieces_01_01,100,0,0,4,3,【史诗】狂暴铭文,6,0,0,0,0,0,,,,,0,0,0,0,0,0,0,0,0,0,2,0.25,3,1,1,0,Peanut_Inscription_01_01
Peanut_Inscription_01_01_05,,T04,暴击后增加攻速持续7秒,icn_RangePhysic.png,0,Peanut_InscriptionPieces_01_01,200,0,0,5,3,【传说】狂暴铭文,6,0,0,0,0,0,,,,,0,0,0,0,0,0,0,0,0,0,2,0.3,3,1,1,0,Peanut_Inscription_01_01
Peanut_Inscription_01_02_01,普攻,T04,暴击后下一次普攻造成额外微量伤害。,icn_RangePhysic.png,Peanut_Inscription_01_02_02,,0,Peanut_InscriptionPieces_01_02,5,1,3,【普通】后劲铭文,5,0,0,0,0,0,,,,,0,0,0,0,0,4,2.5,0,eff_mage_PSealPaperBullet,0,0,0,0,0,0,0,Peanut_Inscription_01_02
Peanut_Inscription_01_02_02,,T04,暴击后下一次普攻造成额外少量伤害。,icn_RangePhysic.png,Peanut_Inscription_01_02_03,Peanut_InscriptionPieces_01_02,20,0,0,2,3,【精品】后劲铭文,5,0,0,0,0,0,,,,,0,0,0,0,0,4,2.6,0,eff_mage_PSealPaperBullet,0,0,0,0,0,0,0,Peanut_Inscription_01_02
Peanut_Inscription_01_02_03,,T04,暴击后下一次普攻造成额外中量伤害。,icn_RangePhysic.png,Peanut_Inscription_01_02_04,Peanut_InscriptionPieces_01_02,50,0,0,3,3,【稀有】后劲铭文,5,0,0,0,0,0,,,,,0,0,0,0,0,4,2.7,0,eff_mage_PSealPaperBullet,0,0,0,0,0,0,0,Peanut_Inscription_01_02
Peanut_Inscription_01_02_04,,T04,暴击后下一次普攻造成额外大量伤害。,icn_RangePhysic.png,Peanut_Inscription_01_02_05,Peanut_InscriptionPieces_01_02,100,0,0,4,3,【史诗】后劲铭文,5,0,0,0,0,0,,,,,0,0,0,0,0,4,2.8,0,eff_mage_PSealPaperBullet,0,0,0,0,0,0,0,Peanut_Inscription_01_02
Peanut_Inscription_01_02_05,,T04,暴击后下一次普攻造成额外巨量伤害。,icn_RangePhysic.png,0,Peanut_InscriptionPieces_01_02,200,0,0,5,3,【传说】后劲铭文,5,0,0,0,0,0,,,,,0,0,0,0,0,4,2.9,0,eff_mage_PSealPaperBullet,0,0,0,0,0,0,0,Peanut_Inscription_01_02
Mushroom_Inscription_03_01_01,坚冰墙,T02,怪物每次撞击冰墙会受到微量伤害。,icn_AIceNova.png,Mushroom_Inscription_03_01_02,,0,Mushroom_InscriptionPieces_03_01,5,1,1,【普通】永冻铭文,8,0,0,0,0,0,,,,,0,0,0,0,0,2,1.2,0,0,0,0,0,0,0,0,0,Mushroom_Inscription_03_01
Mushroom_Inscription_03_01_02,,T02,怪物每次撞击冰墙会受到少量伤害。,icn_AIceNova.png,Mushroom_Inscription_03_01_03,Mushroom_InscriptionPieces_03_01,20,0,0,2,1,【精品】永冻铭文,8,0,0,0,0,0,,,,,0,0,0,0,0,2,1.6,0,0,0,0,0,0,0,0,0,Mushroom_Inscription_03_01
Mushroom_Inscription_03_01_03,,T02,怪物每次撞击冰墙会受到中量伤害。,icn_AIceNova.png,Mushroom_Inscription_03_01_04,Mushroom_InscriptionPieces_03_01,50,0,0,3,1,【稀有】永冻铭文,8,0,0,0,0,0,,,,,0,0,0,0,0,2,2,0,0,0,0,0,0,0,0,0,Mushroom_Inscription_03_01
Mushroom_Inscription_03_01_04,,T02,怪物每次撞击冰墙会受到大量伤害。,icn_AIceNova.png,Mushroom_Inscription_03_01_05,Mushroom_InscriptionPieces_03_01,100,0,0,4,1,【史诗】永冻铭文,8,0,0,0,0,0,,,,,0,0,0,0,0,2,2.4,0,0,0,0,0,0,0,0,0,Mushroom_Inscription_03_01
Mushroom_Inscription_03_01_05,,T02,怪物每次撞击冰墙会受到巨量伤害。,icn_AIceNova.png,0,Mushroom_InscriptionPieces_03_01,200,0,0,5,1,【传说】永冻铭文,8,0,0,0,0,0,,,,,0,0,0,0,0,2,2.8,0,0,0,0,0,0,0,0,0,Mushroom_Inscription_03_01
Mushroom_Inscription_03_02_01,坚冰墙,T02,冰墙结束后发生爆炸，对怪物造成减速并造成微量伤害。,icn_AIceNova.png,Mushroom_Inscription_03_02_02,,0,Mushroom_InscriptionPieces_03_02,5,1,1,【普通】冰崩铭文,7,0,0,0,0,0,,,,,5,0,0,4,-3,2,0.1,3,0,0.5,0,0,0,0,1,0,Mushroom_Inscription_03_02
Mushroom_Inscription_03_02_02,,T02,冰墙结束后发生爆炸，对怪物造成减速并造成少量伤害。,icn_AIceNova.png,Mushroom_Inscription_03_02_03,Mushroom_InscriptionPieces_03_02,20,0,0,2,1,【精品】冰崩铭文,7,0,0,0,0,0,,,,,5,0,0,4,-3,2,0.15,3,0,0.5,0,0,0,0,1,0,Mushroom_Inscription_03_02
Mushroom_Inscription_03_02_03,,T02,冰墙结束后发生爆炸，对怪物造成减速并造成中量伤害。,icn_AIceNova.png,Mushroom_Inscription_03_02_04,Mushroom_InscriptionPieces_03_02,50,0,0,3,1,【稀有】冰崩铭文,7,0,0,0,0,0,,,,,5,0,0,4,-3,2,0.2,3,0,0.5,0,0,0,0,1,0,Mushroom_Inscription_03_02
Mushroom_Inscription_03_02_04,,T02,冰墙结束后发生爆炸，对怪物造成减速并造成大量伤害。,icn_AIceNova.png,Mushroom_Inscription_03_02_05,Mushroom_InscriptionPieces_03_02,100,0,0,4,1,【史诗】冰崩铭文,7,0,0,0,0,0,,,,,5,0,0,4,-3,2,0.25,3,0,0.5,0,0,0,0,1,0,Mushroom_Inscription_03_02
Mushroom_Inscription_03_02_05,,T02,冰墙结束后发生爆炸，对怪物造成减速并造成巨量伤害。,icn_AIceNova.png,0,Mushroom_InscriptionPieces_03_02,200,0,0,5,1,【传说】冰崩铭文,7,0,0,0,0,0,,,,,5,0,0,4,-3,2,0.3,3,0,0.5,0,0,0,0,1,0,Mushroom_Inscription_03_02
Mushroom_Inscription_02_01_01,寒波,T02,怪物受到伤害后，受到物理的暴击率较小幅度提升。,icn_PPenetratingIce.png,Mushroom_Inscription_02_01_02,,0,Mushroom_InscriptionPieces_02_01,5,1,2,【普通】寒伤铭文,9,0,0,0,0,0,,,,,0,0,0,5,-20,0,0,5,0,0,0,0,0,0,0,0,Mushroom_Inscription_02_01
Mushroom_Inscription_02_01_02,,T02,怪物受到伤害后，受到物理的暴击率小幅度提升。,icn_PPenetratingIce.png,Mushroom_Inscription_02_01_03,Mushroom_InscriptionPieces_02_01,20,0,0,2,2,【精品】寒伤铭文,9,0,0,0,0,0,,,,,0,0,0,5,-30,0,0,5,0,0,0,0,0,0,0,0,Mushroom_Inscription_02_01
Mushroom_Inscription_02_01_03,,T02,怪物受到伤害后，受到物理的暴击率较大幅度提升。,icn_PPenetratingIce.png,Mushroom_Inscription_02_01_04,Mushroom_InscriptionPieces_02_01,50,0,0,3,2,【稀有】寒伤铭文,9,0,0,0,0,0,,,,,0,0,0,5,-40,0,0,5,0,0,0,0,0,0,0,0,Mushroom_Inscription_02_01
Mushroom_Inscription_02_01_04,,T02,怪物受到伤害后，受到物理的暴击率大幅度提升。,icn_PPenetratingIce.png,Mushroom_Inscription_02_01_05,Mushroom_InscriptionPieces_02_01,100,0,0,4,2,【史诗】寒伤铭文,9,0,0,0,0,0,,,,,0,0,0,5,-50,0,0,5,0,0,0,0,0,0,0,0,Mushroom_Inscription_02_01
Mushroom_Inscription_02_01_05,,T02,怪物受到伤害后，受到物理的暴击率特大幅度提升。,icn_PPenetratingIce.png,0,Mushroom_InscriptionPieces_02_01,200,0,0,5,2,【传说】寒伤铭文,9,0,0,0,0,0,,,,,0,0,0,5,-60,0,0,5,0,0,0,0,0,0,0,0,Mushroom_Inscription_02_01
Mushroom_Inscription_02_02_01,寒波,T02,寒波会将已经减速的目标较短时间冰冻在原地。,icn_PPenetratingIce.png,Mushroom_Inscription_02_02_02,,0,Mushroom_InscriptionPieces_02_02,5,1,2,【普通】冰伤铭文,10,0,0,0,0,0,,,,,2,2,0,0,0,0,0,0,Freeze_Hit,0,0,0,0,0,1,0,Mushroom_Inscription_02_02
Mushroom_Inscription_02_02_02,,T02,寒波会将已经减速的目标短时间冰冻在原地。,icn_PPenetratingIce.png,Mushroom_Inscription_02_02_03,Mushroom_InscriptionPieces_02_02,20,0,0,2,2,【精品】冰伤铭文,10,0,0,0,0,0,,,,,2,2.2,0,0,0,0,0,0,Freeze_Hit,0,0,0,0,0,1,0,Mushroom_Inscription_02_02
Mushroom_Inscription_02_02_03,,T02,寒波会将已经减速的目标较长时间冰冻在原地。,icn_PPenetratingIce.png,Mushroom_Inscription_02_02_04,Mushroom_InscriptionPieces_02_02,50,0,0,3,2,【稀有】冰伤铭文,10,0,0,0,0,0,,,,,2,2.4,0,0,0,0,0,0,Freeze_Hit,0,0,0,0,0,1,0,Mushroom_Inscription_02_02
Mushroom_Inscription_02_02_04,,T02,寒波会将已经减速的目标长时间冰冻在原地。,icn_PPenetratingIce.png,Mushroom_Inscription_02_02_05,Mushroom_InscriptionPieces_02_02,100,0,0,4,2,【史诗】冰伤铭文,10,0,0,0,0,0,,,,,2,2.6,0,0,0,0,0,0,Freeze_Hit,0,0,0,0,0,1,0,Mushroom_Inscription_02_02
Mushroom_Inscription_02_02_05,,T02,寒波会将已经减速的目标特长时间冰冻在原地。,icn_PPenetratingIce.png,0,Mushroom_InscriptionPieces_02_02,200,0,0,5,2,【传说】冰伤铭文,10,0,0,0,0,0,,,,,2,2.8,0,0,0,0,0,0,Freeze_Hit,0,0,0,0,0,1,0,Mushroom_Inscription_02_02
Mushroom_Inscription_01_01_01,普攻,T02,普通攻击将额外获得较少的能量。,icn_RangeMagic.png,Mushroom_Inscription_01_01_02,,0,Mushroom_InscriptionPieces_01_01,5,1,3,【普通】法力铭文,11,0,0,0,0,0,,,,,0,0,0,0,0,0,0,0,0,0,3,5,0,0,0,0,Mushroom_Inscription_01_01
Mushroom_Inscription_01_01_02,,T02,普通攻击将额外获得少量的能量。,icn_RangeMagic.png,Mushroom_Inscription_01_01_03,Mushroom_InscriptionPieces_01_01,20,0,0,2,3,【精品】法力铭文,11,0,0,0,0,0,,,,,0,0,0,0,0,0,0,0,0,0,3,7,0,0,0,0,Mushroom_Inscription_01_01
Mushroom_Inscription_01_01_03,,T02,普通攻击将额外获得较多的能量。,icn_RangeMagic.png,Mushroom_Inscription_01_01_04,Mushroom_InscriptionPieces_01_01,50,0,0,3,3,【稀有】法力铭文,11,0,0,0,0,0,,,,,0,0,0,0,0,0,0,0,0,0,3,9,0,0,0,0,Mushroom_Inscription_01_01
Mushroom_Inscription_01_01_04,,T02,普通攻击将额外获得特多的能量。,icn_RangeMagic.png,Mushroom_Inscription_01_01_05,Mushroom_InscriptionPieces_01_01,100,0,0,4,3,【史诗】法力铭文,11,0,0,0,0,0,,,,,0,0,0,0,0,0,0,0,0,0,3,11,0,0,0,0,Mushroom_Inscription_01_01
Mushroom_Inscription_01_01_05,,T02,普通攻击将额外获得极多的能量。,icn_RangeMagic.png,0,Mushroom_InscriptionPieces_01_01,200,0,0,5,3,【传说】法力铭文,11,0,0,0,0,0,,,,,0,0,0,0,0,0,0,0,0,0,3,13,0,0,0,0,Mushroom_Inscription_01_01
Mushroom_Inscription_01_02_01,普攻,T02,普攻将会造成怪物的护甲值较小幅度降低。,icn_RangeMagic.png,Mushroom_Inscription_01_02_02,,0,Mushroom_InscriptionPieces_01_02,5,1,3,【普通】落甲铭文,12,0,0,0,0,0,,,,,0,0,0,1,-1,0,0,5,0,0,0,0,0,0,0,0,Mushroom_Inscription_01_02
Mushroom_Inscription_01_02_02,,T02,普攻将会造成怪物的护甲值小幅度降低。,icn_RangeMagic.png,Mushroom_Inscription_01_02_03,Mushroom_InscriptionPieces_01_02,20,0,0,2,3,【精品】落甲铭文,12,0,0,0,0,0,,,,,0,0,0,1,-2,0,0,5,0,0,0,0,0,0,0,0,Mushroom_Inscription_01_02
Mushroom_Inscription_01_02_03,,T02,普攻将会造成怪物的护甲值较大幅度降低。,icn_RangeMagic.png,Mushroom_Inscription_01_02_04,Mushroom_InscriptionPieces_01_02,50,0,0,3,3,【稀有】落甲铭文,12,0,0,0,0,0,,,,,0,0,0,1,-3,0,0,5,0,0,0,0,0,0,0,0,Mushroom_Inscription_01_02
Mushroom_Inscription_01_02_04,,T02,普攻将会造成怪物的护甲值大幅度降低。,icn_RangeMagic.png,Mushroom_Inscription_01_02_05,Mushroom_InscriptionPieces_01_02,100,0,0,4,3,【史诗】落甲铭文,12,0,0,0,0,0,,,,,0,0,0,1,-4,0,0,5,0,0,0,0,0,0,0,0,Mushroom_Inscription_01_02
Mushroom_Inscription_01_02_05,,T02,普攻将会造成怪物的护甲值特大幅度降低。,icn_RangeMagic.png,0,Mushroom_InscriptionPieces_01_02,200,0,0,5,3,【传说】落甲铭文,12,0,0,0,0,0,,,,,0,0,0,1,-5,0,0,5,0,0,0,0,0,0,0,0,Mushroom_Inscription_01_02
Onion_Inscription_03_01_01,雷斩,T01,被击中的目标，魔法抗性将会较小幅度降低。,icn_AThunderSlash.png,Onion_Inscription_03_01_02,,0,Onion_InscriptionPieces_03_01,5,1,1,【普通】降魔铭文,13,0,0,0,0,0,,,,,0,0,0,3,-2,0,0,5,Weak_Hit,0,0,0,0,0,0,0,Onion_Inscription_03_01
Onion_Inscription_03_01_02,,T01,被击中的目标，魔法抗性将会小幅度降低。,icn_AThunderSlash.png,Onion_Inscription_03_01_03,Onion_InscriptionPieces_03_01,20,0,0,2,1,【精品】降魔铭文,13,0,0,0,0,0,,,,,0,0,0,3,-3,0,0,5,Weak_Hit,0,0,0,0,0,0,0,Onion_Inscription_03_01
Onion_Inscription_03_01_03,,T01,被击中的目标，魔法抗性将会较大幅度降低。,icn_AThunderSlash.png,Onion_Inscription_03_01_04,Onion_InscriptionPieces_03_01,50,0,0,3,1,【稀有】降魔铭文,13,0,0,0,0,0,,,,,0,0,0,3,-4,0,0,5,Weak_Hit,0,0,0,0,0,0,0,Onion_Inscription_03_01
Onion_Inscription_03_01_04,,T01,被击中的目标，魔法抗性将会大幅度降低。,icn_AThunderSlash.png,Onion_Inscription_03_01_05,Onion_InscriptionPieces_03_01,100,0,0,4,1,【史诗】降魔铭文,13,0,0,0,0,0,,,,,0,0,0,3,-5,0,0,5,Weak_Hit,0,0,0,0,0,0,0,Onion_Inscription_03_01
Onion_Inscription_03_01_05,,T01,被击中的目标，魔法抗性将会特大幅度降低。,icn_AThunderSlash.png,0,Onion_InscriptionPieces_03_01,200,0,0,5,1,【传说】降魔铭文,13,0,0,0,0,0,,,,,0,0,0,3,-6,0,0,5,Weak_Hit,0,0,0,0,0,0,0,Onion_Inscription_03_01
Onion_Inscription_03_02_01,雷斩,T01,被眩晕的目标，昏迷时间微量增加。,icn_AThunderSlash.png,Onion_Inscription_03_02_02,,0,Onion_InscriptionPieces_03_02,5,1,1,【普通】眩晕铭文,14,0,0,0,0,0,,,,,6,1,0,0,0,0,0,0,0,0,0,0,0,0,1,0,Onion_Inscription_03_02
Onion_Inscription_03_02_02,,T01,被眩晕的目标，昏迷时间少量增加。,icn_AThunderSlash.png,Onion_Inscription_03_02_03,Onion_InscriptionPieces_03_02,20,0,0,2,1,【精品】眩晕铭文,14,0,0,0,0,0,,,,,6,1.2,0,0,0,0,0,0,0,0,0,0,0,0,1,0,Onion_Inscription_03_02
Onion_Inscription_03_02_03,,T01,被眩晕的目标，昏迷时间中量增加。,icn_AThunderSlash.png,Onion_Inscription_03_02_04,Onion_InscriptionPieces_03_02,50,0,0,3,1,【稀有】眩晕铭文,14,0,0,0,0,0,,,,,6,1.4,0,0,0,0,0,0,0,0,0,0,0,0,1,0,Onion_Inscription_03_02
Onion_Inscription_03_02_04,,T01,被眩晕的目标，昏迷时间大量增加。,icn_AThunderSlash.png,Onion_Inscription_03_02_05,Onion_InscriptionPieces_03_02,100,0,0,4,1,【史诗】眩晕铭文,14,0,0,0,0,0,,,,,6,1.6,0,0,0,0,0,0,0,0,0,0,0,0,1,0,Onion_Inscription_03_02
Onion_Inscription_03_02_05,,T01,被眩晕的目标，昏迷时间巨量增加。,icn_AThunderSlash.png,0,Onion_InscriptionPieces_03_02,200,0,0,5,1,【传说】眩晕铭文,14,0,0,0,0,0,,,,,6,1.8,0,0,0,0,0,0,0,0,0,0,0,0,1,0,Onion_Inscription_03_02
Onion_Inscription_02_01_01,盾牌猛击,T01,爆击后使其护甲值微量下降。,icn_PSmite.png,Onion_Inscription_02_01_02,,0,Onion_InscriptionPieces_02_01,5,1,2, ,15,0,0,0,0,0,,,,,0,0,0,1,-1,0,0,5,Weak_Hit,0,0,0,0,0,0,0,Onion_Inscription_02_01
Onion_Inscription_02_01_02,,T01,爆击后使其护甲值少量下降。,icn_PSmite.png,Onion_Inscription_02_01_03,Onion_InscriptionPieces_02_01,20,0,0,2,2,【精品】残甲铭文,15,0,0,0,0,0,,,,,0,0,0,1,-2,0,0,5,Weak_Hit,0,0,0,0,0,0,0,Onion_Inscription_02_01
Onion_Inscription_02_01_03,,T01,爆击后使其护甲值中量下降。,icn_PSmite.png,Onion_Inscription_02_01_04,Onion_InscriptionPieces_02_01,50,0,0,3,2,【稀有】残甲铭文,15,0,0,0,0,0,,,,,0,0,0,1,-3,0,0,5,Weak_Hit,0,0,0,0,0,0,0,Onion_Inscription_02_01
Onion_Inscription_02_01_04,,T01,爆击后使其护甲值大量下降。,icn_PSmite.png,Onion_Inscription_02_01_05,Onion_InscriptionPieces_02_01,100,0,0,4,2,【史诗】残甲铭文,15,0,0,0,0,0,,,,,0,0,0,1,-4,0,0,5,Weak_Hit,0,0,0,0,0,0,0,Onion_Inscription_02_01
Onion_Inscription_02_01_05,,T01,爆击后使其护甲值巨量下降。,icn_PSmite.png,0,Onion_InscriptionPieces_02_01,200,0,0,5,2,【传说】残甲铭文,15,0,0,0,0,0,,,,,0,0,0,1,-5,0,0,5,Weak_Hit,0,0,0,0,0,0,0,Onion_Inscription_02_01
Onion_Inscription_02_02_01,盾牌猛击,T01,回复微量能量。,icn_PSmite.png,Onion_Inscription_02_02_02,,0,Onion_InscriptionPieces_02_02,5,1,2,【普通】聚能铭文,16,0,0,0,0,0,,,,,8,1,0,0,0,0,0,0,Stun_Hit,0,3,20,0,0,0,0,Onion_Inscription_02_02
Onion_Inscription_02_02_02,,T01,回复少量能量。,icn_PSmite.png,Onion_Inscription_02_02_03,Onion_InscriptionPieces_02_02,20,0,0,2,2,【精品】聚能铭文,16,0,0,0,0,0,,,,,8,1,0,0,0,0,0,0,Stun_Hit,0,3,24,0,0,0,0,Onion_Inscription_02_02
Onion_Inscription_02_02_03,,T01,回复中量能量。,icn_PSmite.png,Onion_Inscription_02_02_04,Onion_InscriptionPieces_02_02,50,0,0,3,2,【稀有】聚能铭文,16,0,0,0,0,0,,,,,8,1,0,0,0,0,0,0,Stun_Hit,0,3,28,0,0,0,0,Onion_Inscription_02_02
Onion_Inscription_02_02_04,,T01,回复大量能量。,icn_PSmite.png,Onion_Inscription_02_02_05,Onion_InscriptionPieces_02_02,100,0,0,4,2,【史诗】聚能铭文,16,0,0,0,0,0,,,,,8,1,0,0,0,0,0,0,Stun_Hit,0,3,32,0,0,0,0,Onion_Inscription_02_02
Onion_Inscription_02_02_05,,T01,回复巨量能量。,icn_PSmite.png,0,Onion_InscriptionPieces_02_02,200,0,0,5,2,【传说】聚能铭文,16,0,0,0,0,0,,,,,8,1,0,0,0,0,0,0,Stun_Hit,0,3,36,0,0,0,0,Onion_Inscription_02_02
Onion_Inscription_01_01_01,普攻,T01,普攻附带微量雷电伤害。,icn_Melee.png,Onion_Inscription_01_01_02,,0,Onion_InscriptionPieces_01_01,5,1,3,【普通】流电铭文,18,0,0,0,0,0,,,,,0,0,0,0,0,2,0.3,5,0,0,0,0,0,0,1,0,Onion_Inscription_01_01
Onion_Inscription_01_01_02,,T01,普攻附带少量雷电伤害。,icn_Melee.png,Onion_Inscription_01_01_03,Onion_InscriptionPieces_01_01,20,0,0,2,3,【精品】流电铭文,18,0,0,0,0,0,,,,,0,0,0,0,0,2,0.4,5,0,0,0,0,0,0,1,0,Onion_Inscription_01_01
Onion_Inscription_01_01_03,,T01,普攻附带中量雷电伤害。,icn_Melee.png,Onion_Inscription_01_01_04,Onion_InscriptionPieces_01_01,50,0,0,3,3,【稀有】流电铭文,18,0,0,0,0,0,,,,,0,0,0,0,0,2,0.5,5,0,0,0,0,0,0,1,0,Onion_Inscription_01_01
Onion_Inscription_01_01_04,,T01,普攻附带大量雷电伤害。,icn_Melee.png,Onion_Inscription_01_01_05,Onion_InscriptionPieces_01_01,100,0,0,4,3,【史诗】流电铭文,18,0,0,0,0,0,,,,,0,0,0,0,0,2,0.6,5,0,0,0,0,0,0,1,0,Onion_Inscription_01_01
Onion_Inscription_01_01_05,,T01,普攻附带巨量雷电伤害。,icn_Melee.png,0,Onion_InscriptionPieces_01_01,200,0,0,5,3,【传说】流电铭文,18,0,0,0,0,0,,,,,0,0,0,0,0,2,0.7,5,0,0,0,0,0,0,1,0,Onion_Inscription_01_01
Onion_Inscription_01_02_01,普攻,T01,对血量20%以下的怪物必定暴击，并提升微量伤害。,icn_Melee.png,Onion_Inscription_01_02_02,,0,Onion_InscriptionPieces_01_02,5,1,3,【普通】斩杀铭文,17,0,0,0,0,0,,,,,0,0,0,0,0,4,0.5,0,0,0,0,0,0,0,0,0,Onion_Inscription_01_02
Onion_Inscription_01_02_02,,T01,对血量20%以下的怪物必定暴击，并提升少量伤害。,icn_Melee.png,Onion_Inscription_01_02_03,Onion_InscriptionPieces_01_02,20,0,0,2,3,【精品】斩杀铭文,17,0,0,0,0,0,,,,,0,0,0,0,0,4,0.6,0,0,0,0,0,0,0,0,0,Onion_Inscription_01_02
Onion_Inscription_01_02_03,,T01,对血量20%以下的怪物必定暴击，并提升中量伤害。,icn_Melee.png,Onion_Inscription_01_02_04,Onion_InscriptionPieces_01_02,50,0,0,3,3,【稀有】斩杀铭文,17,0,0,0,0,0,,,,,0,0,0,0,0,4,0.7,0,0,0,0,0,0,0,0,0,Onion_Inscription_01_02
Onion_Inscription_01_02_04,,T01,对血量20%以下的怪物必定暴击，并提升较大量伤害。,icn_Melee.png,Onion_Inscription_01_02_05,Onion_InscriptionPieces_01_02,100,0,0,4,3,【史诗】斩杀铭文,17,0,0,0,0,0,,,,,0,0,0,0,0,4,0.8,0,0,0,0,0,0,0,0,0,Onion_Inscription_01_02
Onion_Inscription_01_02_05,,T01,对血量21%以下的怪物必定暴击，并提升较巨量伤害。,icn_Melee.png,0,Onion_InscriptionPieces_01_02,200,0,0,5,3,【传说】斩杀铭文,17,0,0,0,0,0,,,,,0,0,0,0,0,4,0.9,0,0,0,0,0,0,0,0,0,Onion_Inscription_01_02
Broccoli_Inscription_03_01_01,古风拳,T03,"怪物掉下后减速,持续5秒",icn_AKamiKaze.png,Broccoli_Inscription_03_01_02,,0,Broccoli_InscriptionPieces_03_01,5,1,1,【普通】古风铭文,19,0,0,0,0,0,,,,,1,4,0,4,-1,0,0,4,Stun_Hit,0,0,0,0,0,1,0,Broccoli_Inscription_03_01
Broccoli_Inscription_03_01_02,,T03,"怪物掉下后减速,持续6秒",icn_AKamiKaze.png,Broccoli_Inscription_03_01_03,Broccoli_InscriptionPieces_03_01,20,0,0,2,1,【精品】古风铭文,19,0,0,0,0,0,,,,,1,4,0,4,-2,0,0,4,Stun_Hit,0,0,0,0,0,1,0,Broccoli_Inscription_03_01
Broccoli_Inscription_03_01_03,,T03,"怪物掉下后减速,持续7秒",icn_AKamiKaze.png,Broccoli_Inscription_03_01_04,Broccoli_InscriptionPieces_03_01,50,0,0,3,1,【稀有】古风铭文,19,0,0,0,0,0,,,,,1,4,0,4,-3,0,0,4,Stun_Hit,0,0,0,0,0,1,0,Broccoli_Inscription_03_01
Broccoli_Inscription_03_01_04,,T03,"怪物掉下后减速,持续8秒",icn_AKamiKaze.png,Broccoli_Inscription_03_01_05,Broccoli_InscriptionPieces_03_01,100,0,0,4,1,【史诗】古风铭文,19,0,0,0,0,0,,,,,1,4,0,4,-4,0,0,4,Stun_Hit,0,0,0,0,0,1,0,Broccoli_Inscription_03_01
Broccoli_Inscription_03_01_05,,T03,"怪物掉下后减速,持续9秒",icn_AKamiKaze.png,0,Broccoli_InscriptionPieces_03_01,200,0,0,5,1,【传说】古风铭文,19,0,0,0,0,0,,,,,1,4,0,4,-5,0,0,4,Stun_Hit,0,0,0,0,0,1,0,Broccoli_Inscription_03_01
Broccoli_Inscription_03_02_01,古风拳,T03,龙卷风往指定方向飞行，并增加微量伤害,icn_AKamiKaze.png,Broccoli_Inscription_03_02_02,,0,Broccoli_InscriptionPieces_03_02,5,1,1,【普通】灵动铭文,20,0,0,0,0,0,,,,,0,0,0,0,0,1,0.2,0,0,0,0,0,0,0,0,0,Broccoli_Inscription_03_02
Broccoli_Inscription_03_02_02,,T03,龙卷风往指定方向飞行，并增加少量伤害,icn_AKamiKaze.png,Broccoli_Inscription_03_02_03,Broccoli_InscriptionPieces_03_02,20,0,0,2,1,【精品】灵动铭文,20,0,0,0,0,0,,,,,0,0,0,0,0,1,0.3,0,0,0,0,0,0,0,0,0,Broccoli_Inscription_03_02
Broccoli_Inscription_03_02_03,,T03,龙卷风往指定方向飞行，并增加中量伤害,icn_AKamiKaze.png,Broccoli_Inscription_03_02_04,Broccoli_InscriptionPieces_03_02,50,0,0,3,1,【稀有】灵动铭文,20,0,0,0,0,0,,,,,0,0,0,0,0,1,0.4,0,0,0,0,0,0,0,0,0,Broccoli_Inscription_03_02
Broccoli_Inscription_03_02_04,,T03,龙卷风往指定方向飞行，并增加大量伤害,icn_AKamiKaze.png,Broccoli_Inscription_03_02_05,Broccoli_InscriptionPieces_03_02,100,0,0,4,1,【史诗】灵动铭文,20,0,0,0,0,0,,,,,0,0,0,0,0,1,0.5,0,0,0,0,0,0,0,0,0,Broccoli_Inscription_03_02
Broccoli_Inscription_03_02_05,,T03,龙卷风往指定方向飞行，并增加巨量伤害,icn_AKamiKaze.png,0,Broccoli_InscriptionPieces_03_02,200,0,0,5,1,【传说】灵动铭文,20,0,0,0,0,0,,,,,0,0,0,0,0,1,0.6,0,0,0,0,0,0,0,0,0,Broccoli_Inscription_03_02
Broccoli_Inscription_02_01_01,青风拳,T03,造成暴击后额外获得微量能量,icn_PGalePunch.png,Broccoli_Inscription_02_01_02,,0,Broccoli_InscriptionPieces_02_01,5,1,2,【普通】风暴铭文,22,0,0,0,0,0,,,,,0,0,0,0,0,0,0,0,0,0,3,20,0,0,0,0,Broccoli_Inscription_02_01
Broccoli_Inscription_02_01_02,,T03,造成暴击后额外获得少量能量,icn_PGalePunch.png,Broccoli_Inscription_02_01_03,Broccoli_InscriptionPieces_02_01,20,0,0,2,2,【精品】风暴铭文,22,0,0,0,0,0,,,,,0,0,0,0,0,0,0,0,0,0,3,24,0,0,0,0,Broccoli_Inscription_02_01
Broccoli_Inscription_02_01_03,,T03,造成暴击后额外获得中量能量,icn_PGalePunch.png,Broccoli_Inscription_02_01_04,Broccoli_InscriptionPieces_02_01,50,0,0,3,2,【稀有】风暴铭文,22,0,0,0,0,0,,,,,0,0,0,0,0,0,0,0,0,0,3,28,0,0,0,0,Broccoli_Inscription_02_01
Broccoli_Inscription_02_01_04,,T03,造成暴击后额外获得大量能量,icn_PGalePunch.png,Broccoli_Inscription_02_01_05,Broccoli_InscriptionPieces_02_01,100,0,0,4,2,【史诗】风暴铭文,22,0,0,0,0,0,,,,,0,0,0,0,0,0,0,0,0,0,3,32,0,0,0,0,Broccoli_Inscription_02_01
Broccoli_Inscription_02_01_05,,T03,造成暴击后额外获得巨量能量,icn_PGalePunch.png,0,Broccoli_InscriptionPieces_02_01,200,0,0,5,2,【传说】风暴铭文,22,0,0,0,0,0,,,,,0,0,0,0,0,0,0,0,0,0,3,36,0,0,0,0,Broccoli_Inscription_02_01
Broccoli_Inscription_02_02_01,青风拳,T03,将怪物吹飞后，减少微量护甲,icn_PGalePunch.png,Broccoli_Inscription_02_02_02,,0,Broccoli_InscriptionPieces_02_02,5,1,2,【普通】裂甲铭文,21,0,0,0,0,0,,,,,0,0,2,1,-1,0,0,4,Weak_Hit,0,0,0,0,0,1,0,Broccoli_Inscription_02_02
Broccoli_Inscription_02_02_02,,T03,将怪物吹飞后，减少少量护甲,icn_PGalePunch.png,Broccoli_Inscription_02_02_03,Broccoli_InscriptionPieces_02_02,20,0,0,2,2,【精品】裂甲铭文,21,0,0,0,0,0,,,,,0,0,3,1,-2,0,0,4,Weak_Hit,0,0,0,0,0,1,0,Broccoli_Inscription_02_02
Broccoli_Inscription_02_02_03,,T03,将怪物吹飞后，减少中量护甲,icn_PGalePunch.png,Broccoli_Inscription_02_02_04,Broccoli_InscriptionPieces_02_02,50,0,0,3,2,【稀有】裂甲铭文,21,0,0,0,0,0,,,,,0,0,4,1,-3,0,0,4,Weak_Hit,0,0,0,0,0,1,0,Broccoli_Inscription_02_02
Broccoli_Inscription_02_02_04,,T03,将怪物吹飞后，减少大量护甲,icn_PGalePunch.png,Broccoli_Inscription_02_02_05,Broccoli_InscriptionPieces_02_02,100,0,0,4,2,【史诗】裂甲铭文,21,0,0,0,0,0,,,,,0,0,5,1,-4,0,0,4,Weak_Hit,0,0,0,0,0,1,0,Broccoli_Inscription_02_02
Broccoli_Inscription_02_02_05,,T03,将怪物吹飞后，减少巨量护甲,icn_PGalePunch.png,0,Broccoli_InscriptionPieces_02_02,200,0,0,5,2,【传说】裂甲铭文,21,0,0,0,0,0,,,,,0,0,6,1,-5,0,0,4,Weak_Hit,0,0,0,0,0,1,0,Broccoli_Inscription_02_02
Broccoli_Inscription_01_01_01,普攻,T03,对昏迷怪物造增加微量伤害,icn_AGearThird.png,Broccoli_Inscription_01_01_02,,0,Broccoli_InscriptionPieces_01_01,5,1,3,【普通】凌伤铭文,24,0,0,0,0,0,,,,,0,0,0,0,0,2,0.2,0,0,0,0,0,0,0,0,0,Broccoli_Inscription_01_01
Broccoli_Inscription_01_01_02,,T03,对昏迷怪物造增加少量伤害,icn_AGearThird.png,Broccoli_Inscription_01_01_03,Broccoli_InscriptionPieces_01_01,20,0,0,2,3,【精品】凌伤铭文,24,0,0,0,0,0,,,,,0,0,0,0,0,2,0.3,0,0,0,0,0,0,0,0,0,Broccoli_Inscription_01_01
Broccoli_Inscription_01_01_03,,T03,对昏迷怪物造增加中量伤害,icn_AGearThird.png,Broccoli_Inscription_01_01_04,Broccoli_InscriptionPieces_01_01,50,0,0,3,3,【稀有】凌伤铭文,24,0,0,0,0,0,,,,,0,0,0,0,0,2,0.4,0,0,0,0,0,0,0,0,0,Broccoli_Inscription_01_01
Broccoli_Inscription_01_01_04,,T03,对昏迷怪物造增加大量伤害,icn_AGearThird.png,Broccoli_Inscription_01_01_05,Broccoli_InscriptionPieces_01_01,100,0,0,4,3,【史诗】凌伤铭文,24,0,0,0,0,0,,,,,0,0,0,0,0,2,0.5,0,0,0,0,0,0,0,0,0,Broccoli_Inscription_01_01
Broccoli_Inscription_01_01_05,,T03,对昏迷怪物造增加巨量伤害,icn_AGearThird.png,0,Broccoli_InscriptionPieces_01_01,200,0,0,5,3,【传说】凌伤铭文,24,0,0,0,0,0,,,,,0,0,0,0,0,2,0.6,0,0,0,0,0,0,0,0,0,Broccoli_Inscription_01_01
Broccoli_Inscription_01_02_01,普攻,T03,暴击后怪物陷入稍短时间内的沉默。,icn_AGearThird.png,Broccoli_Inscription_01_02_02,,0,Broccoli_InscriptionPieces_01_02,5,1,3,【普通】勿语铭文,23,0,0,0,0,0,,,,,5,1,0,0,0,0,0,0,Silence_Hit,0,0,0,0,0,1,0,Broccoli_Inscription_01_02
Broccoli_Inscription_01_02_02,,T03,暴击后怪物陷入短时间内的沉默。,icn_AGearThird.png,Broccoli_Inscription_01_02_03,Broccoli_InscriptionPieces_01_02,20,0,0,2,3,【精品】勿语铭文,23,0,0,0,0,0,,,,,5,2,0,0,0,0,0,0,Silence_Hit,0,0,0,0,0,1,0,Broccoli_Inscription_01_02
Broccoli_Inscription_01_02_03,,T03,暴击后怪物陷入稍长时间内的沉默。,icn_AGearThird.png,Broccoli_Inscription_01_02_04,Broccoli_InscriptionPieces_01_02,50,0,0,3,3,【稀有】勿语铭文,23,0,0,0,0,0,,,,,5,3,0,0,0,0,0,0,Silence_Hit,0,0,0,0,0,1,0,Broccoli_Inscription_01_02
Broccoli_Inscription_01_02_04,,T03,暴击后怪物陷入长时间内的沉默。,icn_AGearThird.png,Broccoli_Inscription_01_02_05,Broccoli_InscriptionPieces_01_02,100,0,0,4,3,【史诗】勿语铭文,23,0,0,0,0,0,,,,,5,4,0,0,0,0,0,0,Silence_Hit,0,0,0,0,0,1,0,Broccoli_Inscription_01_02
Broccoli_Inscription_01_02_05,,T03,暴击后怪物陷入很长时间内的沉默。,icn_AGearThird.png,0,Broccoli_InscriptionPieces_01_02,200,0,0,5,3,【传说】勿语铭文,23,0,0,0,0,0,,,,,5,5,0,0,0,0,0,0,Silence_Hit,0,0,0,0,0,1,0,Broccoli_Inscription_01_02
Pumpkin_Inscription_03_01_01,火陨术,T05,火陨术会燃烧地面，每秒对经过敌人造成微量伤害,icn_ARainOfFire.png,Pumpkin_Inscription_03_01_02,,0,Pumpkin_InscriptionPieces_03_01,5,1,1,【普通】灼焰铭文,25,0,0,0,0,0,,,ASRainofFire,eff_mage_ARainOfFire,0,0,0,0,0,2,0.2,0,Fire_Hit,0.5,0,0,0,0,0,0,Pumpkin_Inscription_03_01
Pumpkin_Inscription_03_01_02,,T05,火陨术会燃烧地面，每秒对经过敌人造成少量伤害,icn_ARainOfFire.png,Pumpkin_Inscription_03_01_03,Pumpkin_InscriptionPieces_03_01,20,0,0,2,1,【精品】灼焰铭文,25,0,0,0,0,0,,,ASRainofFire,eff_mage_ARainOfFire,0,0,0,0,0,2,0.3,0,Fire_Hit,0.5,0,0,0,0,0,0,Pumpkin_Inscription_03_01
Pumpkin_Inscription_03_01_03,,T05,火陨术会燃烧地面，每秒对经过敌人造成中量伤害,icn_ARainOfFire.png,Pumpkin_Inscription_03_01_04,Pumpkin_InscriptionPieces_03_01,50,0,0,3,1,【稀有】灼焰铭文,25,0,0,0,0,0,,,ASRainofFire,eff_mage_ARainOfFire,0,0,0,0,0,2,0.4,0,Fire_Hit,0.5,0,0,0,0,0,0,Pumpkin_Inscription_03_01
Pumpkin_Inscription_03_01_04,,T05,火陨术会燃烧地面，每秒对经过敌人造成大量伤害,icn_ARainOfFire.png,Pumpkin_Inscription_03_01_05,Pumpkin_InscriptionPieces_03_01,100,0,0,4,1,【史诗】灼焰铭文,25,0,0,0,0,0,,,ASRainofFire,eff_mage_ARainOfFire,0,0,0,0,0,2,0.5,0,Fire_Hit,0.5,0,0,0,0,0,0,Pumpkin_Inscription_03_01
Pumpkin_Inscription_03_01_05,,T05,火陨术会燃烧地面，每秒对经过敌人造成巨量伤害,icn_ARainOfFire.png,0,Pumpkin_InscriptionPieces_03_01,200,0,0,5,1,【传说】灼焰铭文,25,0,0,0,0,0,,,ASRainofFire,eff_mage_ARainOfFire,0,0,0,0,0,2,0.6,0,Fire_Hit,0.5,0,0,0,0,0,0,Pumpkin_Inscription_03_01
Pumpkin_Inscription_03_02_01,火陨术,T05,火陨术有微量几率使目标陷入恐惧,icn_ARainOfFire.png,Pumpkin_Inscription_03_02_02,,0,Pumpkin_InscriptionPieces_03_02,5,1,1,【普通】紫焚铭文,26,0,0,0,0,0,,,,eff_mage_ARainOfFire,6,3,0.3,0,0,0,0,0,OniSummon_Hit,0,0,0,0,0,1,0,Pumpkin_Inscription_03_02
Pumpkin_Inscription_03_02_02,,T05,火陨术有少量几率使目标陷入恐惧,icn_ARainOfFire.png,Pumpkin_Inscription_03_02_03,Pumpkin_InscriptionPieces_03_02,20,0,0,2,1,【精品】紫焚铭文,26,0,0,0,0,0,,,,eff_mage_ARainOfFire,6,3,0.4,0,0,0,0,0,OniSummon_Hit,0,0,0,0,0,1,0,Pumpkin_Inscription_03_02
Pumpkin_Inscription_03_02_03,,T05,火陨术有中量几率使目标陷入恐惧,icn_ARainOfFire.png,Pumpkin_Inscription_03_02_04,Pumpkin_InscriptionPieces_03_02,50,0,0,3,1,【稀有】紫焚铭文,26,0,0,0,0,0,,,,eff_mage_ARainOfFire,6,3,0.5,0,0,0,0,0,OniSummon_Hit,0,0,0,0,0,1,0,Pumpkin_Inscription_03_02
Pumpkin_Inscription_03_02_04,,T05,火陨术有大量几率使目标陷入恐惧,icn_ARainOfFire.png,Pumpkin_Inscription_03_02_05,Pumpkin_InscriptionPieces_03_02,100,0,0,4,1,【史诗】紫焚铭文,26,0,0,0,0,0,,,,eff_mage_ARainOfFire,6,3,0.6,0,0,0,0,0,OniSummon_Hit,0,0,0,0,0,1,0,Pumpkin_Inscription_03_02
Pumpkin_Inscription_03_02_05,,T05,火陨术有巨量几率使目标陷入恐惧,icn_ARainOfFire.png,0,Pumpkin_InscriptionPieces_03_02,200,0,0,5,1,【传说】紫焚铭文,26,0,0,0,0,0,,,,eff_mage_ARainOfFire,6,3,0.7,0,0,0,0,0,OniSummon_Hit,0,0,0,0,0,1,0,Pumpkin_Inscription_03_02
Pumpkin_Inscription_02_01_01,火焰波,T05,造成爆击后额外获得微量能量,icn_PThrowFire.png,Pumpkin_Inscription_02_01_02,,0,Pumpkin_InscriptionPieces_02_01,5,1,2,【普通】炽暴铭文,27,0,0,0,0,0,,,,,0,0,0,0,0,0,0,0,0,0,3,10,0,0,0,0,Pumpkin_Inscription_02_01
Pumpkin_Inscription_02_01_02,,T05,造成爆击后额外获得少量能量,icn_PThrowFire.png,Pumpkin_Inscription_02_01_03,Pumpkin_InscriptionPieces_02_01,20,0,0,2,2,【精品】炽暴铭文,27,0,0,0,0,0,,,,,0,0,0,0,0,0,0,0,0,0,3,12,0,0,0,0,Pumpkin_Inscription_02_01
Pumpkin_Inscription_02_01_03,,T05,造成爆击后额外获得中量能量,icn_PThrowFire.png,Pumpkin_Inscription_02_01_04,Pumpkin_InscriptionPieces_02_01,50,0,0,3,2,【稀有】炽暴铭文,27,0,0,0,0,0,,,,,0,0,0,0,0,0,0,0,0,0,3,14,0,0,0,0,Pumpkin_Inscription_02_01
Pumpkin_Inscription_02_01_04,,T05,造成爆击后额外获得大量能量,icn_PThrowFire.png,Pumpkin_Inscription_02_01_05,Pumpkin_InscriptionPieces_02_01,100,0,0,4,2,【史诗】炽暴铭文,27,0,0,0,0,0,,,,,0,0,0,0,0,0,0,0,0,0,3,16,0,0,0,0,Pumpkin_Inscription_02_01
Pumpkin_Inscription_02_01_05,,T05,造成爆击后额外获得巨量能量,icn_PThrowFire.png,0,Pumpkin_InscriptionPieces_02_01,200,0,0,5,2,【传说】炽暴铭文,27,0,0,0,0,0,,,,,0,0,0,0,0,0,0,0,0,0,3,18,0,0,0,0,Pumpkin_Inscription_02_01
Pumpkin_Inscription_02_02_01,火焰波,T05,降低敌人移动速度，并持续微量时间,icn_PThrowFire.png,Pumpkin_Inscription_02_02_02,,0,Pumpkin_InscriptionPieces_02_02,5,1,2,【普通】焰爆铭文,28,0,0,0,0,0,,,,,1,2,0,4,2,0,0,4,Stun_Hit,0,0,0,0,0,1,0,Pumpkin_Inscription_02_02
Pumpkin_Inscription_02_02_02,,T05,降低敌人移动速度，并持续少量时间,icn_PThrowFire.png,Pumpkin_Inscription_02_02_03,Pumpkin_InscriptionPieces_02_02,20,0,0,2,2,【精品】焰爆铭文,28,0,0,0,0,0,,,,,1,3,0,4,2,0,0,4,Stun_Hit,0,0,0,0,0,1,0,Pumpkin_Inscription_02_02
Pumpkin_Inscription_02_02_03,,T05,降低敌人移动速度，并持续中量时间,icn_PThrowFire.png,Pumpkin_Inscription_02_02_04,Pumpkin_InscriptionPieces_02_02,50,0,0,3,2,【稀有】焰爆铭文,28,0,0,0,0,0,,,,,1,4,0,4,2,0,0,4,Stun_Hit,0,0,0,0,0,1,0,Pumpkin_Inscription_02_02
Pumpkin_Inscription_02_02_04,,T05,降低敌人移动速度，并持续大量量时间,icn_PThrowFire.png,Pumpkin_Inscription_02_02_05,Pumpkin_InscriptionPieces_02_02,100,0,0,4,2,【史诗】焰爆铭文,28,0,0,0,0,0,,,,,1,5,0,4,2,0,0,4,Stun_Hit,0,0,0,0,0,1,0,Pumpkin_Inscription_02_02
Pumpkin_Inscription_02_02_05,,T05,降低敌人移动速度，并持续巨量时间,icn_PThrowFire.png,0,Pumpkin_InscriptionPieces_02_02,200,0,0,5,2,【传说】焰爆铭文,28,0,0,0,0,0,,,,,1,6,2,4,2,0,0,4,Stun_Hit,0,0,0,0,0,1,0,Pumpkin_Inscription_02_02
Pumpkin_Inscription_01_01_01,普攻,T05,对受到冰冻效果的怪物额外造成微量伤害,icn_RangeMagic.png,Pumpkin_Inscription_01_01_02,,0,Pumpkin_InscriptionPieces_01_01,5,1,3,【普通】残冰铭文,29,0,0,0,0,0,,,,,0,0,0,0,0,2,0.3,0,0,0,0,0,0,0,0,0,Pumpkin_Inscription_01_01
Pumpkin_Inscription_01_01_02,,T05,对受到冰冻效果的怪物额外造成少量伤害,icn_RangeMagic.png,Pumpkin_Inscription_01_01_03,Pumpkin_InscriptionPieces_01_01,20,0,0,2,3,【精品】残冰铭文,29,0,0,0,0,0,,,,,0,0,0,0,0,2,0.4,0,0,0,0,0,0,0,0,0,Pumpkin_Inscription_01_01
Pumpkin_Inscription_01_01_03,,T05,对受到冰冻效果的怪物额外造成中量伤害,icn_RangeMagic.png,Pumpkin_Inscription_01_01_04,Pumpkin_InscriptionPieces_01_01,50,0,0,3,3,【稀有】残冰铭文,29,0,0,0,0,0,,,,,0,0,0,0,0,2,0.5,0,0,0,0,0,0,0,0,0,Pumpkin_Inscription_01_01
Pumpkin_Inscription_01_01_04,,T05,对受到冰冻效果的怪物额外造成大量伤害,icn_RangeMagic.png,Pumpkin_Inscription_01_01_05,Pumpkin_InscriptionPieces_01_01,100,0,0,4,3,【史诗】残冰铭文,29,0,0,0,0,0,,,,,0,0,0,0,0,2,0.6,0,0,0,0,0,0,0,0,0,Pumpkin_Inscription_01_01
Pumpkin_Inscription_01_01_05,,T05,对受到冰冻效果的怪物额外造成巨量伤害,icn_RangeMagic.png,0,Pumpkin_InscriptionPieces_01_01,200,0,0,5,3,【传说】残冰铭文,29,0,0,0,0,0,,,,,0,0,0,0,0,2,0.7,0,0,0,0,0,0,0,0,0,Pumpkin_Inscription_01_01
Pumpkin_Inscription_01_02_01,普攻,T05,暴击后点燃怪物，每3秒造成微量伤害持续9秒。,icn_RangeMagic.png,Pumpkin_Inscription_01_02_02,,0,Pumpkin_InscriptionPieces_01_02,5,1,3,【普通】灼暴铭文,30,1,Fire_Hit,0.2,9,3,1,2,,,7,9,0,0,0,0,0,0,Fire_Hit,0,0,0,0,0,1,0,Pumpkin_Inscription_01_02
Pumpkin_Inscription_01_02_02,,T05,暴击后点燃怪物，每3秒造成少量伤害持续9秒。,icn_RangeMagic.png,Pumpkin_Inscription_01_02_03,Pumpkin_InscriptionPieces_01_02,20,0,0,2,3,【精品】灼暴铭文,30,1,Fire_Hit,0.3,9,3,1,2,,,7,9,0,0,0,0,0,0,Fire_Hit,0,0,0,0,0,1,0,Pumpkin_Inscription_01_02
Pumpkin_Inscription_01_02_03,,T05,暴击后点燃怪物，每3秒造成中量伤害持续9秒。,icn_RangeMagic.png,Pumpkin_Inscription_01_02_04,Pumpkin_InscriptionPieces_01_02,50,0,0,3,3,【稀有】灼暴铭文,30,1,Fire_Hit,0.4,9,3,1,2,,,7,9,0,0,0,0,0,0,Fire_Hit,0,0,0,0,0,1,0,Pumpkin_Inscription_01_02
Pumpkin_Inscription_01_02_04,,T05,暴击后点燃怪物，每3秒造成大量伤害持续9秒。,icn_RangeMagic.png,Pumpkin_Inscription_01_02_05,Pumpkin_InscriptionPieces_01_02,100,0,0,4,3,【史诗】灼暴铭文,30,1,Fire_Hit,0.5,9,3,1,2,,,7,9,0,0,0,0,0,0,Fire_Hit,0,0,0,0,0,1,0,Pumpkin_Inscription_01_02
Pumpkin_Inscription_01_02_05,,T05,暴击后点燃怪物，每3秒造成巨量伤害持续9秒。,icn_RangeMagic.png,0,Pumpkin_InscriptionPieces_01_02,200,0,0,5,3,【传说】灼暴铭文,30,1,Fire_Hit,0.6,9,3,1,2,,,7,9,0,0,0,0,0,0,Fire_Hit,0,0,0,0,0,1,0,Pumpkin_Inscription_01_02
Comon_Inscription_01_01_01,,TY,提升微量物理基础攻击力,icn_AOniSlash.png,Comon_Inscription_01_01_02,,0,Comon_InscriptionPieces_01_01,5,1,4,【普通】巨力铭文,,,,,,,,,,,,,,,,,,,,,5,0.01,0,0,0,0,Comon_Inscription_01_01
Comon_Inscription_01_01_02,,TY,提升少量物理基础攻击力,icn_AOniSlash.png,Comon_Inscription_01_01_03,Comon_InscriptionPieces_01_01,20,0,0,2,4,【精品】巨力铭文,,,,,,,,,,,,,,,,,,,,,5,0.02,0,0,0,0,Comon_Inscription_01_01
Comon_Inscription_01_01_03,,TY,提升中量物理基础攻击力,icn_AOniSlash.png,Comon_Inscription_01_01_04,Comon_InscriptionPieces_01_01,50,0,0,3,4,【稀有】巨力铭文,,,,,,,,,,,,,,,,,,,,,5,0.03,0,0,0,0,Comon_Inscription_01_01
Comon_Inscription_01_01_04,,TY,提升大量物理基础攻击力,icn_AOniSlash.png,Comon_Inscription_01_01_05,Comon_InscriptionPieces_01_01,100,0,0,4,4,【史诗】巨力铭文,,,,,,,,,,,,,,,,,,,,,5,0.04,0,0,0,0,Comon_Inscription_01_01
Comon_Inscription_01_01_05,,TY,提升巨量物理基础攻击力,icn_AOniSlash.png,0,Comon_InscriptionPieces_01_01,200,0,0,5,4,【传说】巨力铭文,,,,,,,,,,,,,,,,,,,,,5,0.05,0,0,0,0,Comon_Inscription_01_01
Comon_Inscription_01_02_01,,TY,提升微量魔法基础攻击力,icn_AOniSlash.png,Comon_Inscription_01_02_02,,0,Comon_InscriptionPieces_01_02,5,1,4,【传说】巨魔铭文,,,,,,,,,,,,,,,,,,,,,6,0.01,0,0,0,0,Comon_Inscription_01_02
Comon_Inscription_01_02_02,,TY,提升少量魔法基础攻击力,icn_AOniSlash.png,Comon_Inscription_01_02_03,Comon_InscriptionPieces_01_02,20,0,0,2,4,【精品】巨魔铭文,,,,,,,,,,,,,,,,,,,,,6,0.02,0,0,0,0,Comon_Inscription_01_02
Comon_Inscription_01_02_03,,TY,提升中量魔法基础攻击力,icn_AOniSlash.png,Comon_Inscription_01_02_04,Comon_InscriptionPieces_01_02,50,0,0,3,4,【稀有】巨魔铭文,,,,,,,,,,,,,,,,,,,,,6,0.03,0,0,0,0,Comon_Inscription_01_02
Comon_Inscription_01_02_04,,TY,提升大量魔法基础攻击力,icn_AOniSlash.png,Comon_Inscription_01_02_05,Comon_InscriptionPieces_01_02,100,0,0,4,4,【史诗】巨魔铭文,,,,,,,,,,,,,,,,,,,,,6,0.04,0,0,0,0,Comon_Inscription_01_02
Comon_Inscription_01_02_05,,TY,提升巨量魔法基础攻击力,icn_AOniSlash.png,0,Comon_InscriptionPieces_01_02,200,0,0,5,4,【传说】巨魔铭文,,,,,,,,,,,,,,,,,,,,,6,0.05,0,0,0,0,Comon_Inscription_01_02
Comon_Inscription_01_03_01,,TY,提升微量暴击率,icn_AOniSlash.png,Comon_Inscription_01_03_02,,0,Comon_InscriptionPieces_01_03,5,1,4,【普通】暴击铭文,,,,,,,,,,,,,,,,,,,,,1,1,0,0,0,0,Comon_Inscription_01_03
Comon_Inscription_01_03_02,,TY,提升少量暴击率,icn_AOniSlash.png,Comon_Inscription_01_03_03,Comon_InscriptionPieces_01_03,20,0,0,2,4,【精品】暴击铭文,,,,,,,,,,,,,,,,,,,,,1,2,0,0,0,0,Comon_Inscription_01_03
Comon_Inscription_01_03_03,,TY,提升中量暴击率,icn_AOniSlash.png,Comon_Inscription_01_03_04,Comon_InscriptionPieces_01_03,50,0,0,3,4,【稀有】暴击铭文,,,,,,,,,,,,,,,,,,,,,1,3,0,0,0,0,Comon_Inscription_01_03
Comon_Inscription_01_03_04,,TY,提升大量暴击率,icn_AOniSlash.png,Comon_Inscription_01_03_05,Comon_InscriptionPieces_01_03,100,0,0,4,4,【史诗】暴击铭文,,,,,,,,,,,,,,,,,,,,,1,4,0,0,0,0,Comon_Inscription_01_03
Comon_Inscription_01_03_05,,TY,提升巨量暴击率,icn_AOniSlash.png,0,Comon_InscriptionPieces_01_03,200,0,0,5,4,【传说】暴击铭文,,,,,,,,,,,,,,,,,,,,,1,5,0,0,0,0,Comon_Inscription_01_03
Comon_Inscription_01_04_01,,TY,提升微量暴击伤害,icn_AOniSlash.png,Comon_Inscription_01_04_02,,0,Comon_InscriptionPieces_01_04,5,1,4,【普通】烈暴铭文,,,,,,,,,,,,,,,,,,,,,7,1,0,0,0,0,Comon_Inscription_01_04
Comon_Inscription_01_04_02,,TY,提升少量暴击伤害,icn_AOniSlash.png,Comon_Inscription_01_04_03,Comon_InscriptionPieces_01_04,20,0,0,2,4,【精品】烈暴铭文,,,,,,,,,,,,,,,,,,,,,7,2,0,0,0,0,Comon_Inscription_01_04
Comon_Inscription_01_04_03,,TY,提升中量暴击伤害,icn_AOniSlash.png,Comon_Inscription_01_04_04,Comon_InscriptionPieces_01_04,50,0,0,3,4,【稀有】烈暴铭文,,,,,,,,,,,,,,,,,,,,,7,3,0,0,0,0,Comon_Inscription_01_04
Comon_Inscription_01_04_04,,TY,提升大量暴击伤害,icn_AOniSlash.png,Comon_Inscription_01_04_05,Comon_InscriptionPieces_01_04,100,0,0,4,4,【史诗】烈暴铭文,,,,,,,,,,,,,,,,,,,,,7,4,0,0,0,0,Comon_Inscription_01_04
Comon_Inscription_01_04_05,,TY,提升巨量暴击伤害,icn_AOniSlash.png,0,Comon_InscriptionPieces_01_04,200,0,0,5,4,【传说】烈暴铭文,,,,,,,,,,,,,,,,,,,,,7,5,0,0,0,0,Comon_Inscription_01_04
Comon_Inscription_01_05_01,,TY,提升微量攻速,icn_AOniSlash.png,Comon_Inscription_01_05_02,,0,Comon_InscriptionPieces_01_05,5,1,4,【普通】攻速铭文,,,,,,,,,,,,,,,,,,,,,2,1,0,0,0,0,Comon_Inscription_01_05
Comon_Inscription_01_05_02,,TY,提升少量攻速,icn_AOniSlash.png,Comon_Inscription_01_05_03,Comon_InscriptionPieces_01_05,20,0,0,2,4,【精品】攻速铭文,,,,,,,,,,,,,,,,,,,,,2,2,0,0,0,0,Comon_Inscription_01_05
Comon_Inscription_01_05_03,,TY,提升中量攻速,icn_AOniSlash.png,Comon_Inscription_01_05_04,Comon_InscriptionPieces_01_05,50,0,0,3,4,【稀有】攻速铭文,,,,,,,,,,,,,,,,,,,,,2,3,0,0,0,0,Comon_Inscription_01_05
Comon_Inscription_01_05_04,,TY,提升大量攻速,icn_AOniSlash.png,Comon_Inscription_01_05_05,Comon_InscriptionPieces_01_05,100,0,0,4,4,【史诗】攻速铭文,,,,,,,,,,,,,,,,,,,,,2,4,0,0,0,0,Comon_Inscription_01_05
Comon_Inscription_01_05_05,,TY,提升巨量攻速,icn_AOniSlash.png,0,Comon_InscriptionPieces_01_05,200,0,0,5,4,【传说】攻速铭文,,,,,,,,,,,,,,,,,,,,,2,5,0,0,0,0,Comon_Inscription_01_05
Comon_Inscription_01_06_01,,TY,提升微量命中率,icn_AOniSlash.png,Comon_Inscription_01_06_02,,0,Comon_InscriptionPieces_01_06,5,1,4,【普通】命中铭文,,,,,,,,,,,,,,,,,,,,,8,1,0,0,0,0,Comon_Inscription_01_06
Comon_Inscription_01_06_02,,TY,提升少量命中率,icn_AOniSlash.png,Comon_Inscription_01_06_03,Comon_InscriptionPieces_01_06,20,0,0,2,4,【精品】命中铭文,,,,,,,,,,,,,,,,,,,,,8,2,0,0,0,0,Comon_Inscription_01_06
Comon_Inscription_01_06_03,,TY,提升中量命中率,icn_AOniSlash.png,Comon_Inscription_01_06_04,Comon_InscriptionPieces_01_06,50,0,0,3,4,【稀有】命中铭文,,,,,,,,,,,,,,,,,,,,,8,3,0,0,0,0,Comon_Inscription_01_06
Comon_Inscription_01_06_04,,TY,提升大量命中率,icn_AOniSlash.png,Comon_Inscription_01_06_05,Comon_InscriptionPieces_01_06,100,0,0,4,4,【史诗】命中铭文,,,,,,,,,,,,,,,,,,,,,8,4,0,0,0,0,Comon_Inscription_01_06
Comon_Inscription_01_06_05,,TY,提升巨量命中率,icn_AOniSlash.png,0,Comon_InscriptionPieces_01_06,200,0,0,5,4,【传说】命中铭文,,,,,,,,,,,,,,,,,,,,,8,5,0,0,0,0,Comon_Inscription_01_06
Comon_Inscription_01_07_01,,TY,普攻获得能量，微量增加,icn_AOniSlash.png,Comon_Inscription_01_07_02,,0,Comon_InscriptionPieces_01_07,5,1,4,【普通】源能铭文,,,,,,,,,,,,,,,,,,,,,3,1,0,0,0,0,Comon_Inscription_01_07
Comon_Inscription_01_07_02,,TY,普攻获得能量，少量增加,icn_AOniSlash.png,Comon_Inscription_01_07_03,Comon_InscriptionPieces_01_07,20,0,0,2,4,【精品】源能铭文,,,,,,,,,,,,,,,,,,,,,3,2,0,0,0,0,Comon_Inscription_01_07
Comon_Inscription_01_07_03,,TY,普攻获得能量，中量增加,icn_AOniSlash.png,Comon_Inscription_01_07_04,Comon_InscriptionPieces_01_07,50,0,0,3,4,【稀有】源能铭文,,,,,,,,,,,,,,,,,,,,,3,3,0,0,0,0,Comon_Inscription_01_07
Comon_Inscription_01_07_04,,TY,普攻获得能量，大量增加,icn_AOniSlash.png,Comon_Inscription_01_07_05,Comon_InscriptionPieces_01_07,100,0,0,4,4,【史诗】源能铭文,,,,,,,,,,,,,,,,,,,,,3,4,0,0,0,0,Comon_Inscription_01_07
Comon_Inscription_01_07_05,,TY,普攻获得能量，巨量增加,icn_AOniSlash.png,0,Comon_InscriptionPieces_01_07,200,0,0,5,4,【传说】源能铭文,,,,,,,,,,,,,,,,,,,,,3,5,0,0,0,0,Comon_Inscription_01_07
Comon_Inscription_01_08_01,,TY,微量减少受到控制的持续时间,icn_AOniSlash.png,Comon_Inscription_01_08_02,,0,Comon_InscriptionPieces_01_08,5,1,4,【普通】挣缚铭文,,,,,,,,,,,,,,,,,,,,,9,0.1,0,0,0,0,Comon_Inscription_01_08
Comon_Inscription_01_08_02,,TY,少量减少受到控制的持续时间,icn_AOniSlash.png,Comon_Inscription_01_08_03,Comon_InscriptionPieces_01_08,20,0,0,2,4,【精品】挣缚铭文,,,,,,,,,,,,,,,,,,,,,9,0.2,0,0,0,0,Comon_Inscription_01_08
Comon_Inscription_01_08_03,,TY,中量减少受到控制的持续时间,icn_AOniSlash.png,Comon_Inscription_01_08_04,Comon_InscriptionPieces_01_08,50,0,0,3,4,【稀有】挣缚铭文,,,,,,,,,,,,,,,,,,,,,9,0.3,0,0,0,0,Comon_Inscription_01_08
Comon_Inscription_01_08_04,,TY,大量减少受到控制的持续时间,icn_AOniSlash.png,Comon_Inscription_01_08_05,Comon_InscriptionPieces_01_08,100,0,0,4,4,【史诗】挣缚铭文,,,,,,,,,,,,,,,,,,,,,9,0.4,0,0,0,0,Comon_Inscription_01_08
Comon_Inscription_01_08_05,,TY,巨量减少受到控制的持续时间,icn_AOniSlash.png,0,Comon_InscriptionPieces_01_08,200,0,0,5,4,【传说】挣缚铭文,,,,,,,,,,,,,,,,,,,,,9,0.5,0,0,0,0,Comon_Inscription_01_08
Comon_Inscription_01_09_01,,TY,有微小几率不受到怪物技能影响,icn_AOniSlash.png,Comon_Inscription_01_09_02,,0,Comon_InscriptionPieces_01_09,5,1,4,【普通】勿语铭文,,,,,,,,,,,,,,,,,,,,,10,0.2,0,0,0,0,Comon_Inscription_01_09
Comon_Inscription_01_09_02,,TY,有稍小几率不受到怪物技能影响,icn_AOniSlash.png,Comon_Inscription_01_09_03,Comon_InscriptionPieces_01_09,20,0,0,2,4,【精品】勿语铭文,,,,,,,,,,,,,,,,,,,,,10,0.3,0,0,0,0,Comon_Inscription_01_09
Comon_Inscription_01_09_03,,TY,有稍大几率不受到怪物技能影响,icn_AOniSlash.png,Comon_Inscription_01_09_04,Comon_InscriptionPieces_01_09,50,0,0,3,4,【稀有】勿语铭文,,,,,,,,,,,,,,,,,,,,,10,0.4,0,0,0,0,Comon_Inscription_01_09
Comon_Inscription_01_09_04,,TY,有较大几率不受到怪物技能影响,icn_AOniSlash.png,Comon_Inscription_01_09_05,Comon_InscriptionPieces_01_09,100,0,0,4,4,【史诗】勿语铭文,,,,,,,,,,,,,,,,,,,,,10,0.5,0,0,0,0,Comon_Inscription_01_09
Comon_Inscription_01_09_05,,TY,有很大几率不受到怪物技能影响,icn_AOniSlash.png,0,Comon_InscriptionPieces_01_09,200,0,0,5,4,【传说】勿语铭文,,,,,,,,,,,,,,,,,,,,,10,0.6,0,0,0,0,Comon_Inscription_01_09
Comon_Inscription_01_10_01,,TY,增加防御塔微量射程,icn_AOniSlash.png,Comon_Inscription_01_10_02,,0,Comon_InscriptionPieces_01_10,5,1,4,【普通】远射铭文,,,,,,,,,,,,,,,,,,,,,11,0.2,0,0,0,0,Comon_Inscription_01_10
Comon_Inscription_01_10_02,,TY,增加防御塔少量射程,icn_AOniSlash.png,Comon_Inscription_01_10_03,Comon_InscriptionPieces_01_10,20,0,0,2,4,【精品】远射铭文,,,,,,,,,,,,,,,,,,,,,11,0.3,0,0,0,0,Comon_Inscription_01_10
Comon_Inscription_01_10_03,,TY,增加防御塔中量射程,icn_AOniSlash.png,Comon_Inscription_01_10_04,Comon_InscriptionPieces_01_10,50,0,0,3,4,【稀有】远射铭文,,,,,,,,,,,,,,,,,,,,,11,0.4,0,0,0,0,Comon_Inscription_01_10
Comon_Inscription_01_10_04,,TY,增加防御塔大量射程,icn_AOniSlash.png,Comon_Inscription_01_10_05,Comon_InscriptionPieces_01_10,100,0,0,4,4,【史诗】远射铭文,,,,,,,,,,,,,,,,,,,,,11,0.5,0,0,0,0,Comon_Inscription_01_10
Comon_Inscription_01_10_05,,TY,增加防御塔巨量射程,icn_AOniSlash.png,0,Comon_InscriptionPieces_01_10,200,0,0,5,4,【传说】远射铭文,,,,,,,,,,,,,,,,,,,,,11,0.6,0,0,0,0,Comon_Inscription_01_10
Sepecial_Inscription_01_01_01,,TY,出售防御塔后产生爆炸，对附近怪物造成微量伤害,icn_AOniSlash.png,Sepecial_Inscription_01_01_02,,0,Sepecial_InscriptionPieces_01_01,5,1,4,【普通】余怒铭文,,,,,,,,,,,,,,,,,,,,,12,,0,0,0,0.5,Sepecial_Inscription_01_01
Sepecial_Inscription_01_01_02,,TY,出售防御塔后产生爆炸，对附近怪物造成少量伤害,icn_AOniSlash.png,Sepecial_Inscription_01_01_03,Sepecial_InscriptionPieces_01_01,20,0,0,2,4,【精品】余怒铭文,,,,,,,,,,,,,,,,,,,,,12,,0,0,0,0.6,Sepecial_Inscription_01_01
Sepecial_Inscription_01_01_03,,TY,出售防御塔后产生爆炸，对附近怪物造成中量伤害,icn_AOniSlash.png,Sepecial_Inscription_01_01_04,Sepecial_InscriptionPieces_01_01,50,0,0,3,4,【稀有】余怒铭文,,,,,,,,,,,,,,,,,,,,,12,,0,0,0,0.7,Sepecial_Inscription_01_01
Sepecial_Inscription_01_01_04,,TY,出售防御塔后产生爆炸，对附近怪物造成大量量伤害,icn_AOniSlash.png,Sepecial_Inscription_01_01_05,Sepecial_InscriptionPieces_01_01,100,0,0,4,4,【史诗】余怒铭文,,,,,,,,,,,,,,,,,,,,,12,,0,0,0,0.8,Sepecial_Inscription_01_01
Sepecial_Inscription_01_01_05,,TY,出售防御塔后产生爆炸，对附近怪物造成巨量伤害,icn_AOniSlash.png,0,Sepecial_InscriptionPieces_01_01,200,0,0,5,4,【传说】余怒铭文,,,,,,,,,,,,,,,,,,,,,12,,0,0,0,0.9,Sepecial_Inscription_01_01
Sepecial_Inscription_01_02_01,,TY,出售时额外获得微量金钱,icn_AOniSlash.png,Sepecial_Inscription_01_02_02,,0,Sepecial_InscriptionPieces_01_02,5,1,4,【普通】搏金铭文,,,,,,,,,,,,,,,,,,,,,13,,0,0,0,0.02,Sepecial_Inscription_01_02
Sepecial_Inscription_01_02_02,,TY,出售时额外获得少量金钱,icn_AOniSlash.png,Sepecial_Inscription_01_02_03,Sepecial_InscriptionPieces_01_02,20,0,0,2,4,【精品】搏金铭文,,,,,,,,,,,,,,,,,,,,,13,,0,0,0,0.04,Sepecial_Inscription_01_02
Sepecial_Inscription_01_02_03,,TY,出售时额外获得中量金钱,icn_AOniSlash.png,Sepecial_Inscription_01_02_04,Sepecial_InscriptionPieces_01_02,50,0,0,3,4,【稀有】搏金铭文,,,,,,,,,,,,,,,,,,,,,13,,0,0,0,0.06,Sepecial_Inscription_01_02
Sepecial_Inscription_01_02_04,,TY,出售时额外获得大量金钱,icn_AOniSlash.png,Sepecial_Inscription_01_02_05,Sepecial_InscriptionPieces_01_02,100,0,0,4,4,【史诗】搏金铭文,,,,,,,,,,,,,,,,,,,,,13,,0,0,0,0.08,Sepecial_Inscription_01_02
Sepecial_Inscription_01_02_05,,TY,出售时额外获得巨量金钱,icn_AOniSlash.png,0,Sepecial_InscriptionPieces_01_02,200,0,0,5,4,【传说】搏金铭文,,,,,,,,,,,,,,,,,,,,,13,,0,0,0,0.1,Sepecial_Inscription_01_02
Sepecial_Inscription_01_03_01,,TY,微量减少建造时需要的金钱,icn_AOniSlash.png,Sepecial_Inscription_01_03_02,,0,Sepecial_InscriptionPieces_01_03,5,1,4,【普通】植师铭文,,,,,,,,,,,,,,,,,,,,,14,,0,0,0,0.05,Sepecial_Inscription_01_03
Sepecial_Inscription_01_03_02,,TY,少量减少建造时需要的金钱,icn_AOniSlash.png,Sepecial_Inscription_01_03_03,Sepecial_InscriptionPieces_01_03,20,0,0,2,4,【精品】植师铭文,,,,,,,,,,,,,,,,,,,,,14,,0,0,0,0.1,Sepecial_Inscription_01_03
Sepecial_Inscription_01_03_03,,TY,中量减少建造时需要的金钱,icn_AOniSlash.png,Sepecial_Inscription_01_03_04,Sepecial_InscriptionPieces_01_03,50,0,0,3,4,【稀有】植师铭文,,,,,,,,,,,,,,,,,,,,,14,,0,0,0,0.15,Sepecial_Inscription_01_03
Sepecial_Inscription_01_03_04,,TY,大量减少建造时需要的金钱,icn_AOniSlash.png,Sepecial_Inscription_01_03_05,Sepecial_InscriptionPieces_01_03,100,0,0,4,4,【史诗】植师铭文,,,,,,,,,,,,,,,,,,,,,14,,0,0,0,0.2,Sepecial_Inscription_01_03
Sepecial_Inscription_01_03_05,,TY,巨量减少建造时需要的金钱,icn_AOniSlash.png,0,Sepecial_InscriptionPieces_01_03,200,0,0,5,4,【传说】植师铭文,,,,,,,,,,,,,,,,,,,,,14,,0,0,0,0.25,Sepecial_Inscription_01_03
Sepecial_Inscription_01_04_01,,TY,脱离战斗3秒后，每秒回复微量能量,icn_AOniSlash.png,Sepecial_Inscription_01_04_02,,0,Sepecial_InscriptionPieces_01_04,5,1,4,【普通】离殇铭文,,,,,,,,,,,,,,,,,,,,,15,,0,0,0,10,Sepecial_Inscription_01_04
Sepecial_Inscription_01_04_02,,TY,脱离战斗3秒后，每秒回复少量能量,icn_AOniSlash.png,Sepecial_Inscription_01_04_03,Sepecial_InscriptionPieces_01_04,20,0,0,2,4,【精品】离殇铭文,,,,,,,,,,,,,,,,,,,,,15,,0,0,0,20,Sepecial_Inscription_01_04
Sepecial_Inscription_01_04_03,,TY,脱离战斗3秒后，每秒回复中量能量,icn_AOniSlash.png,Sepecial_Inscription_01_04_04,Sepecial_InscriptionPieces_01_04,50,0,0,3,4,【稀有】离殇铭文,,,,,,,,,,,,,,,,,,,,,15,,0,0,0,30,Sepecial_Inscription_01_04
Sepecial_Inscription_01_04_04,,TY,脱离战斗3秒后，每秒回复大量能量,icn_AOniSlash.png,Sepecial_Inscription_01_04_05,Sepecial_InscriptionPieces_01_04,100,0,0,4,4,【史诗】离殇铭文,,,,,,,,,,,,,,,,,,,,,15,,0,0,0,40,Sepecial_Inscription_01_04
Sepecial_Inscription_01_04_05,,TY,脱离战斗3秒后，每秒回复巨量能量,icn_AOniSlash.png,0,Sepecial_InscriptionPieces_01_04,200,0,0,5,4,【传说】离殇铭文,,,,,,,,,,,,,,,,,,,,,15,,0,0,0,50,Sepecial_Inscription_01_04
Sepecial_Inscription_01_05_01,,TY,施放技能后微量增加能量回复速度,icn_AOniSlash.png,Sepecial_Inscription_01_05_02,,0,Sepecial_InscriptionPieces_01_05,5,1,4,【普通】噬能铭文,,,,,,,,,,,,,,,,,,,,,16,,0,0,0,0.2,Sepecial_Inscription_01_05
Sepecial_Inscription_01_05_02,,TY,施放技能后少量增加能量回复速度,icn_AOniSlash.png,Sepecial_Inscription_01_05_03,Sepecial_InscriptionPieces_01_05,20,0,0,2,4,【精品】噬能铭文,,,,,,,,,,,,,,,,,,,,,16,,0,0,0,0.3,Sepecial_Inscription_01_05
Sepecial_Inscription_01_05_03,,TY,施放技能后中量增加能量回复速度,icn_AOniSlash.png,Sepecial_Inscription_01_05_04,Sepecial_InscriptionPieces_01_05,50,0,0,3,4,【稀有】噬能铭文,,,,,,,,,,,,,,,,,,,,,16,,0,0,0,0.4,Sepecial_Inscription_01_05
Sepecial_Inscription_01_05_04,,TY,施放技能后大量增加能量回复速度,icn_AOniSlash.png,Sepecial_Inscription_01_05_05,Sepecial_InscriptionPieces_01_05,100,0,0,4,4,【史诗】噬能铭文,,,,,,,,,,,,,,,,,,,,,16,,0,0,0,0.5,Sepecial_Inscription_01_05
Sepecial_Inscription_01_05_05,,TY,施放技能后巨量增加能量回复速度,icn_AOniSlash.png,0,Sepecial_InscriptionPieces_01_05,200,0,0,5,4,【传说】噬能铭文,,,,,,,,,,,,,,,,,,,,,16,,0,0,0,0.6,Sepecial_Inscription_01_05
