组合ID,组合ID备注,怪物ID,怪物1,数量,间距（像素）,怪物1与怪物2间距,怪物ID,怪物2,数量,间距（像素）,怪物2与怪物3间距,怪物ID,怪物3,数量,间距（像素）,与后续组合间距
ID_ks,Name_s,MonsterID1_s,MonsterName1_s,MonsterNumber1_n,MonsterSpace1_n,MonsterSpace12_n,MonsterID2_s,MonsterName2_s,MonsterNumber2_n,MonsterSpace2_n,MonsterSpace23_n,MonsterID3_s,MonsterName3_s,MonsterNumber3_n,MonsterSpace3_n,MonsterSpace34_n
G101,时蔬3森林3,M00019,时蔬巨人,3,50,50,M00110,森林守卫,3,50,150,,,,,
G102,时蔬4森林4,M00019,时蔬巨人,4,50,50,M00110,森林守卫,4,50,150,,,,,
G103,时蔬5森林5,M00019,时蔬巨人,5,50,50,M00110,森林守卫,5,50,150,,,,,
G104,精英时蔬2森林3,M00022,精英时蔬巨人,1,150,50,M00110,森林守卫,3,50,150,,,,,
G105,精英时蔬2森林4,M00022,精英时蔬巨人,2,150,50,M00110,森林守卫,4,50,150,,,,,
G106,精英时蔬3森林5,M00022,精英时蔬巨人,3,150,50,M00110,森林守卫,5,50,150,,,,,
G107,时蔬3精英森林2,M00019,时蔬巨人,3,50,50,M00111,精英森林守卫,1,150,150,,,,,
G108,时蔬4精英森林2,M00019,时蔬巨人,4,50,50,M00111,精英森林守卫,2,150,150,,,,,
G109,时蔬5精英森林3,M00019,时蔬巨人,5,50,50,M00111,精英森林守卫,3,150,150,,,,,
G110,精英时蔬1精英森林1,M00022,精英时蔬巨人,1,150,50,M00111,精英森林守卫,1,150,150,,,,,
G111,精英时蔬2精英森林2,M00022,精英时蔬巨人,2,150,50,M00111,精英森林守卫,2,150,150,,,,,
G112,精英时蔬3精英森林3,M00022,精英时蔬巨人,3,150,50,M00111,精英森林守卫,3,150,150,,,,,
G201,西瓜4森林3,M00001,西瓜战士,4,50,50,M00110,森林守卫,3,50,150,,,,,
SG201,西瓜4森林3,M00001,西瓜战士,4,150,150,M00110,森林守卫,3,150,250,,,,,
G202,西瓜5森林4,M00001,西瓜战士,5,50,50,M00110,森林守卫,4,50,150,,,,,
G203,西瓜6森林5,M00001,西瓜战士,6,50,50,M00110,森林守卫,5,50,150,,,,,
G204,精英西瓜2森林3,M00004,精英西瓜战士,1,150,50,M00110,森林守卫,3,50,150,,,,,
SG204,精英西瓜2森林3,M00004,精英西瓜战士,2,300,150,,,,,,,,,,
G205,精英西瓜2森林4,M00004,精英西瓜战士,2,150,50,M00110,森林守卫,4,50,150,,,,,
G206,精英西瓜3森林5,M00004,精英西瓜战士,3,150,50,M00110,森林守卫,5,50,150,,,,,
G207,西瓜4精英森林2,M00001,西瓜战士,4,50,50,M00111,精英森林守卫,1,150,150,,,,,
G208,西瓜5精英森林2,M00001,西瓜战士,5,50,50,M00111,精英森林守卫,2,150,150,,,,,
G209,西瓜6精英森林3,M00001,西瓜战士,6,50,50,M00111,精英森林守卫,3,150,150,,,,,
G210,精英西瓜2精英森林1,M00004,精英西瓜战士,1,150,50,M00111,精英森林守卫,1,150,150,,,,,
G211,精英西瓜3精英森林2,M00004,精英西瓜战士,2,150,50,M00111,精英森林守卫,2,150,150,,,,,
G212,精英西瓜4精英森林3,M00004,精英西瓜战士,3,150,50,M00111,精英森林守卫,3,150,150,,,,,
G301,蜗牛3森林3,M00107,蜗牛邮差,3,50,50,M00110,森林守卫,3,50,150,,,,,
G302,蜗牛3森林4,M00107,蜗牛邮差,3,50,50,M00110,森林守卫,4,50,150,,,,,
G303,蜗牛5森林5,M00107,蜗牛邮差,5,50,50,M00110,森林守卫,5,50,150,,,,,
G304,精英蜗牛1森林3,M00108,精英蜗牛邮差,1,150,50,M00110,森林守卫,3,50,150,,,,,
G305,精英蜗牛2森林4,M00108,精英蜗牛邮差,2,150,50,M00110,森林守卫,4,50,150,,,,,
G306,精英蜗牛3森林5,M00108,精英蜗牛邮差,3,150,50,M00110,森林守卫,5,50,150,,,,,
G307,蜗牛3精英森林1,M00107,蜗牛邮差,3,50,50,M00111,精英森林守卫,1,150,150,,,,,
G308,蜗牛3精英森林2,M00107,蜗牛邮差,3,50,50,M00111,精英森林守卫,2,150,150,,,,,
G309,蜗牛5精英森林3,M00107,蜗牛邮差,5,50,50,M00111,精英森林守卫,3,150,150,,,,,
G310,精英蜗牛1精英森林1,M00108,精英蜗牛邮差,1,150,50,M00111,精英森林守卫,1,150,150,,,,,
G311,精英蜗牛2精英森林2,M00108,精英蜗牛邮差,2,150,50,M00111,精英森林守卫,2,150,150,,,,,
G312,精英蜗牛3精英森林3,M00108,精英蜗牛邮差,3,150,50,M00111,精英森林守卫,3,150,150,,,,,
G401,时蔬3蘑菇3,M00019,时蔬巨人,3,50,50,M00104,蘑菇小弟,3,50,150,,,,,
G402,时蔬4蘑菇4,M00019,时蔬巨人,4,50,50,M00104,蘑菇小弟,4,50,150,,,,,
G403,时蔬5蘑菇5,M00019,时蔬巨人,5,50,50,M00104,蘑菇小弟,5,50,150,,,,,
G404,精英时蔬2蘑菇3,M00022,精英时蔬巨人,1,150,50,M00104,蘑菇小弟,3,50,150,,,,,
G405,精英时蔬2蘑菇4,M00022,精英时蔬巨人,2,150,50,M00104,蘑菇小弟,4,50,150,,,,,
G406,精英时蔬3蘑菇5,M00022,精英时蔬巨人,3,150,50,M00104,蘑菇小弟,5,50,150,,,,,
G407,时蔬3精英蘑菇1,M00019,时蔬巨人,3,50,50,M00105,精英蘑菇小弟,1,150,150,,,,,
G408,时蔬4精英蘑菇2,M00019,时蔬巨人,4,50,50,M00105,精英蘑菇小弟,2,150,150,,,,,
G409,时蔬5精英蘑菇3,M00019,时蔬巨人,5,50,50,M00105,精英蘑菇小弟,3,150,150,,,,,
G410,精英时蔬2精英蘑菇1,M00022,精英时蔬巨人,1,150,50,M00105,精英蘑菇小弟,1,150,150,,,,,
G411,精英时蔬2精英蘑菇2,M00022,精英时蔬巨人,2,150,50,M00105,精英蘑菇小弟,2,150,150,,,,,
G412,精英时蔬3精英蘑菇3,M00022,精英时蔬巨人,3,150,50,M00105,精英蘑菇小弟,3,150,150,,,,,
G501,西瓜4蘑菇3,M00001,西瓜战士,4,50,50,M00104,蘑菇小弟,3,50,150,,,,,
G502,西瓜5蘑菇4,M00001,西瓜战士,5,50,50,M00104,蘑菇小弟,4,50,150,,,,,
G503,西瓜6蘑菇5,M00001,西瓜战士,6,50,50,M00104,蘑菇小弟,5,50,150,,,,,
G504,精英西瓜1蘑菇3,M00004,精英西瓜战士,1,150,50,M00104,蘑菇小弟,3,50,150,,,,,
G505,精英西瓜2蘑菇4,M00004,精英西瓜战士,2,150,50,M00104,蘑菇小弟,4,50,150,,,,,
G506,精英西瓜3蘑菇5,M00004,精英西瓜战士,3,150,50,M00104,蘑菇小弟,5,50,150,,,,,
G507,西瓜4精英蘑菇1,M00001,西瓜战士,4,50,50,M00105,精英蘑菇小弟,1,150,150,,,,,
G508,西瓜5精英蘑菇2,M00001,西瓜战士,5,50,50,M00105,精英蘑菇小弟,2,150,150,,,,,
G509,西瓜6精英蘑菇3,M00001,西瓜战士,6,50,50,M00105,精英蘑菇小弟,3,150,150,,,,,
G510,精英西瓜1精英蘑菇1,M00004,精英西瓜战士,1,150,50,M00105,精英蘑菇小弟,1,150,150,,,,,
G511,精英西瓜2精英蘑菇2,M00004,精英西瓜战士,2,150,50,M00105,精英蘑菇小弟,2,150,150,,,,,
G512,精英西瓜3精英蘑菇3,M00004,精英西瓜战士,3,150,50,M00105,精英蘑菇小弟,3,150,150,,,,,
G601,时蔬3黄瓜4,M00019,时蔬巨人,3,50,50,M00013,黄瓜猎犬,4,50,150,,,,,
G602,时蔬4黄瓜6,M00019,时蔬巨人,4,50,50,M00013,黄瓜猎犬,6,50,150,,,,,
G603,时蔬5黄瓜8,M00019,时蔬巨人,5,50,50,M00013,黄瓜猎犬,8,50,150,,,,,
G604,精英时蔬1黄瓜4,M00022,精英时蔬巨人,1,150,50,M00013,黄瓜猎犬,4,50,150,,,,,
G605,精英时蔬2黄瓜6,M00022,精英时蔬巨人,2,150,50,M00013,黄瓜猎犬,6,50,150,,,,,
G606,精英时蔬3黄瓜8,M00022,精英时蔬巨人,3,150,50,M00013,黄瓜猎犬,8,50,150,,,,,
G607,时蔬3精英黄瓜2,M00019,时蔬巨人,3,50,50,M00016,精英黄瓜猎犬,2,150,150,,,,,
G608,时蔬4精英黄瓜3,M00019,时蔬巨人,4,50,50,M00016,精英黄瓜猎犬,3,150,150,,,,,
G609,时蔬5精英黄瓜4,M00019,时蔬巨人,5,50,50,M00016,精英黄瓜猎犬,4,150,150,,,,,
G610,精英时蔬1精英黄瓜2,M00022,精英时蔬巨人,1,150,50,M00016,精英黄瓜猎犬,2,150,150,,,,,
G611,精英时蔬2精英黄瓜3,M00022,精英时蔬巨人,2,150,50,M00016,精英黄瓜猎犬,3,150,150,,,,,
G612,精英时蔬3精英黄瓜4,M00022,精英时蔬巨人,3,150,50,M00016,精英黄瓜猎犬,4,150,150,,,,,
G701,蜜蜂5黄瓜4,M00101,蜜蜂哨兵,5,50,50,M00013,黄瓜猎犬,4,50,150,,,,,
G702,蜜蜂6黄瓜6,M00101,蜜蜂哨兵,6,50,50,M00013,黄瓜猎犬,6,50,150,,,,,
G703,蜜蜂7黄瓜8,M00101,蜜蜂哨兵,7,50,50,M00013,黄瓜猎犬,8,50,150,,,,,
G704,精英蜜蜂2黄瓜4,M00102,精英蜜蜂哨兵,2,150,50,M00013,黄瓜猎犬,4,50,150,,,,,
G705,精英蜜蜂3黄瓜6,M00102,精英蜜蜂哨兵,3,150,50,M00013,黄瓜猎犬,6,50,150,,,,,
G706,精英蜜蜂4黄瓜8,M00102,精英蜜蜂哨兵,4,150,50,M00013,黄瓜猎犬,8,50,150,,,,,
G707,蜜蜂5精英黄瓜2,M00101,蜜蜂哨兵,5,50,50,M00016,精英黄瓜猎犬,2,150,150,,,,,
G708,蜜蜂6精英黄瓜3,M00101,蜜蜂哨兵,6,50,50,M00016,精英黄瓜猎犬,3,150,150,,,,,
G709,蜜蜂7精英黄瓜4,M00101,蜜蜂哨兵,7,50,50,M00016,精英黄瓜猎犬,4,150,150,,,,,
G710,精英蜜蜂2精英黄瓜2,M00102,精英蜜蜂哨兵,2,150,50,M00016,精英黄瓜猎犬,2,150,150,,,,,
G711,精英蜜蜂3精英黄瓜3,M00102,精英蜜蜂哨兵,3,150,50,M00016,精英黄瓜猎犬,3,150,150,,,,,
G712,精英蜜蜂4精英黄瓜4,M00102,精英蜜蜂哨兵,4,150,50,M00016,精英黄瓜猎犬,4,150,150,,,,,
G801,红豆2蜜蜂5,M00007,红色甜豆,2,50,50,M00101,蜜蜂哨兵,5,50,150,,,,,
G802,红豆3蜜蜂6,M00007,红色甜豆,3,50,50,M00101,蜜蜂哨兵,6,50,150,,,,,
G803,红豆4蜜蜂7,M00007,红色甜豆,4,50,50,M00101,蜜蜂哨兵,7,50,150,,,,,
G804,精英红豆2蜜蜂2,M00010,精英红色甜豆,2,150,50,M00101,蜜蜂哨兵,5,50,150,,,,,
G805,精英红豆3蜜蜂3,M00010,精英红色甜豆,2,150,50,M00101,蜜蜂哨兵,6,50,150,,,,,
G806,精英红豆4蜜蜂4,M00010,精英红色甜豆,3,150,50,M00101,蜜蜂哨兵,7,50,150,,,,,
G807,红豆2精英蜜蜂5,M00007,红色甜豆,2,50,50,M00102,精英蜜蜂哨兵,2,150,150,,,,,
G808,红豆2精英蜜蜂6,M00007,红色甜豆,3,50,50,M00102,精英蜜蜂哨兵,3,150,150,,,,,
G809,红豆3精英蜜蜂7,M00007,红色甜豆,4,50,50,M00102,精英蜜蜂哨兵,4,150,150,,,,,
G810,精英红豆2精英蜜蜂2,M00010,精英红色甜豆,2,150,50,M00102,精英蜜蜂哨兵,2,150,150,,,,,
G811,精英红豆2精英蜜蜂3,M00010,精英红色甜豆,2,150,50,M00102,精英蜜蜂哨兵,3,150,150,,,,,
G812,精英红豆3精英蜜蜂4,M00010,精英红色甜豆,3,150,50,M00102,精英蜜蜂哨兵,4,150,150,,,,,
G901,森林3红豆2,M00110,森林守卫,3,50,50,M00007,红色甜豆,2,50,150,,,,,
G902,森林4红豆3,M00110,森林守卫,4,50,50,M00007,红色甜豆,3,50,150,,,,,
G903,森林5红豆4,M00110,森林守卫,5,50,50,M00007,红色甜豆,4,50,150,,,,,
G904,森林3精英红豆2,M00111,精英森林守卫,1,150,50,M00007,红色甜豆,2,50,150,,,,,
G905,森林4精英红豆2,M00111,精英森林守卫,2,150,50,M00007,红色甜豆,2,50,150,,,,,
G906,森林5精英红豆3,M00111,精英森林守卫,3,150,50,M00007,红色甜豆,3,50,150,,,,,
G907,精英森林2红豆2,M00110,森林守卫,3,50,50,M00010,精英红色甜豆,2,150,150,,,,,
G908,精英森林2红豆3,M00110,森林守卫,4,50,50,M00010,精英红色甜豆,3,150,150,,,,,
G909,精英森林3红豆4,M00110,森林守卫,5,50,50,M00010,精英红色甜豆,4,150,150,,,,,
G910,精英森林1红豆2,M00111,精英森林守卫,1,150,50,M00010,精英红色甜豆,2,150,150,,,,,
G911,精英森林2红豆2,M00111,精英森林守卫,2,150,50,M00010,精英红色甜豆,2,150,150,,,,,
G912,精英森林3红豆3,M00111,精英森林守卫,3,150,50,M00010,精英红色甜豆,3,150,150,,,,,
G1001,时蔬3红豆2,M00019,时蔬巨人,3,50,50,M00007,红色甜豆,2,50,150,,,,,
G1002,时蔬4红豆3,M00019,时蔬巨人,4,50,50,M00007,红色甜豆,3,50,150,,,,,
G1003,时蔬5红豆4,M00019,时蔬巨人,5,50,50,M00007,红色甜豆,4,50,150,,,,,
G1004,精英时蔬1精英红豆2,M00022,精英时蔬巨人,1,150,50,M00007,红色甜豆,2,50,150,,,,,
G1005,精英时蔬2精英红豆3,M00022,精英时蔬巨人,2,150,50,M00007,红色甜豆,3,50,150,,,,,
G1006,精英时蔬3精英红豆4,M00022,精英时蔬巨人,3,150,50,M00007,红色甜豆,4,50,150,,,,,
G1007,时蔬3红豆2,M00019,时蔬巨人,3,50,50,M00010,精英红色甜豆,2,150,150,,,,,
G1008,时蔬4红豆3,M00019,时蔬巨人,4,50,50,M00010,精英红色甜豆,2,150,150,,,,,
G1009,时蔬5红豆4,M00019,时蔬巨人,5,50,50,M00010,精英红色甜豆,3,150,150,,,,,
G1010,精英时蔬1精英红豆2,M00022,精英时蔬巨人,1,150,50,M00010,精英红色甜豆,2,150,150,,,,,
G1011,精英时蔬2精英红豆2,M00022,精英时蔬巨人,2,150,50,M00010,精英红色甜豆,2,150,150,,,,,
G1012,精英时蔬3精英红豆3,M00022,精英时蔬巨人,3,150,50,M00010,精英红色甜豆,3,150,150,,,,,
G1101,蜗牛3红豆2,M00107,蜗牛邮差,3,50,50,M00007,红色甜豆,2,50,150,,,,,
G1102,蜗牛3红豆3,M00107,蜗牛邮差,3,50,50,M00007,红色甜豆,3,50,150,,,,,
G1103,蜗牛5红豆4,M00107,蜗牛邮差,5,50,50,M00007,红色甜豆,4,50,150,,,,,
G1104,蜗牛3精英红豆2,M00108,精英蜗牛邮差,1,150,50,M00007,红色甜豆,2,50,150,,,,,
G1105,蜗牛3精英红豆2,M00108,精英蜗牛邮差,2,150,50,M00007,红色甜豆,3,50,150,,,,,
G1106,蜗牛5精英红豆3,M00108,精英蜗牛邮差,3,150,50,M00007,红色甜豆,4,50,150,,,,,
G1107,精英蜗牛1红豆2,M00107,蜗牛邮差,3,50,50,M00010,精英红色甜豆,2,150,150,,,,,
G1108,精英蜗牛2红豆3,M00107,蜗牛邮差,3,50,50,M00010,精英红色甜豆,2,150,150,,,,,
G1109,精英蜗牛3红豆4,M00107,蜗牛邮差,5,50,50,M00010,精英红色甜豆,3,150,150,,,,,
G1110,精英蜗牛1精英红豆2,M00108,精英蜗牛邮差,1,150,50,M00010,精英红色甜豆,2,150,150,,,,,
G1111,精英蜗牛2精英红豆2,M00108,精英蜗牛邮差,2,150,50,M00010,精英红色甜豆,2,150,150,,,,,
G1112,精英蜗牛3精英红豆3,M00108,精英蜗牛邮差,3,150,50,M00010,精英红色甜豆,3,150,150,,,,,
G1201,西瓜4红豆2,M00001,西瓜战士,4,50,50,M00007,红色甜豆,2,50,150,,,,,
G1202,西瓜5红豆3,M00001,西瓜战士,5,50,50,M00007,红色甜豆,3,50,150,,,,,
G1203,西瓜6红豆4,M00001,西瓜战士,6,50,50,M00007,红色甜豆,4,50,150,,,,,
G1204,西瓜4精英红豆2,M00004,精英西瓜战士,1,150,50,M00007,红色甜豆,2,50,150,,,,,
G1205,西瓜5精英红豆2,M00004,精英西瓜战士,2,150,50,M00007,红色甜豆,2,50,150,,,,,
G1206,西瓜6精英红豆3,M00004,精英西瓜战士,3,150,50,M00007,红色甜豆,3,50,150,,,,,
G1207,精英西瓜2红豆2,M00001,西瓜战士,4,50,50,M00010,精英红色甜豆,2,150,150,,,,,
G1208,精英西瓜2红豆3,M00001,西瓜战士,5,50,50,M00010,精英红色甜豆,3,150,150,,,,,
G1209,精英西瓜3红豆4,M00001,西瓜战士,6,50,50,M00010,精英红色甜豆,4,150,150,,,,,
G1210,精英西瓜2精英红豆2,M00004,精英西瓜战士,1,150,50,M00010,精英红色甜豆,2,150,150,,,,,
G1211,精英西瓜3精英红豆2,M00004,精英西瓜战士,2,150,50,M00010,精英红色甜豆,2,150,150,,,,,
G1212,精英西瓜4精英红豆3,M00004,精英西瓜战士,3,150,50,M00010,精英红色甜豆,3,150,150,,,,,
G1301,森林之神,M00112,森林之神,1,37.5,150,,,,,,,,,,
G1302,急速蜗牛邮差,M00109,急速蜗牛邮差,1,37.5,150,,,,,,,,,,
G1303,蘑菇大叔,M00106,蘑菇大叔,1,37.5,150,,,,,,,,,,
G1304,蜜蜂之王,M00103,蜜蜂之王,1,37.5,150,,,,,,,,,,
G1305,提拉米苏棕熊,M00113,提拉米苏棕熊,1,37.5,150,,,,,,,,,,
G1306,变异提拉米苏棕熊,M00114,变异提拉米苏棕熊,1,37.5,150,,,,,,,,,,
G20101,食材3蓝豆2,M00020,食材巨人,3,50,150,M00008,蓝色甜豆,2,50,150,,,,,
G20102,食材4蓝豆3,M00020,食材巨人,4,50,150,M00008,蓝色甜豆,3,50,150,,,,,
G20103,食材5蓝豆4,M00020,食材巨人,5,50,150,M00008,蓝色甜豆,4,50,150,,,,,
G20104,精英食材1蓝豆2,M00023,精英食材巨人,1,150,150,M00008,蓝色甜豆,2,50,150,,,,,
G20105,精英食材2蓝豆3,M00023,精英食材巨人,2,150,150,M00008,蓝色甜豆,3,50,150,,,,,
G20106,精英食材3蓝豆4,M00023,精英食材巨人,3,150,150,M00008,蓝色甜豆,4,50,150,,,,,
G20107,食材3精英蓝豆2,M00020,食材巨人,3,50,150,M00011,精英蓝色甜豆,2,150,150,,,,,
G20108,食材4精英蓝豆2,M00020,食材巨人,4,50,150,M00011,精英蓝色甜豆,2,150,150,,,,,
G20109,食材5精英蓝豆3,M00020,食材巨人,5,50,150,M00011,精英蓝色甜豆,3,150,150,,,,,
G20110,精英食材1精英蓝豆2,M00023,精英食材巨人,1,150,150,M00011,精英蓝色甜豆,2,150,150,,,,,
G20111,精英食材2精英蓝豆2,M00023,精英食材巨人,2,150,150,M00011,精英蓝色甜豆,2,150,150,,,,,
G20112,精英食材3精英蓝豆3,M00023,精英食材巨人,3,150,150,M00011,精英蓝色甜豆,3,150,150,,,,,
G20201,西瓜4蓝豆2,M00002,西瓜战士,4,50,50,M00008,蓝色甜豆,2,50,150,,,,,
G20202,西瓜5蓝豆3,M00002,西瓜战士,5,50,50,M00008,蓝色甜豆,3,50,150,,,,,
G20203,西瓜6蓝豆4,M00002,西瓜战士,6,50,50,M00008,蓝色甜豆,4,50,150,,,,,
G20204,精英西瓜2蓝豆2,M00005,精英西瓜战士,1,150,50,M00008,蓝色甜豆,2,50,150,,,,,
G20205,精英西瓜3蓝豆3,M00005,精英西瓜战士,2,150,50,M00008,蓝色甜豆,3,50,150,,,,,
G20206,精英西瓜4蓝豆4,M00005,精英西瓜战士,3,150,50,M00008,蓝色甜豆,4,50,150,,,,,
G20207,西瓜4精英蓝豆2,M00002,西瓜战士,4,50,50,M00011,精英蓝色甜豆,2,150,150,,,,,
G20208,西瓜5精英蓝豆2,M00002,西瓜战士,5,50,50,M00011,精英蓝色甜豆,2,150,150,,,,,
G20209,西瓜6精英蓝豆3,M00002,西瓜战士,6,50,50,M00011,精英蓝色甜豆,3,150,150,,,,,
G20210,精英西瓜2精英蓝豆2,M00005,精英西瓜战士,1,150,50,M00011,精英蓝色甜豆,2,150,150,,,,,
G20211,精英西瓜3精英蓝豆2,M00005,精英西瓜战士,2,150,50,M00011,精英蓝色甜豆,2,150,150,,,,,
G20212,精英西瓜4精英蓝豆3,M00005,精英西瓜战士,3,150,50,M00011,精英蓝色甜豆,3,150,150,,,,,
G20301,木乃伊6,M00207,木乃伊石棺,6,75,150,,,,,,,,,,
G20302,木乃伊8,M00207,木乃伊石棺,8,75,150,,,,,,,,,,
G20303,木乃伊10,M00207,木乃伊石棺,10,75,150,,,,,,,,,,
G20304,精英木乃伊2,M00208,精英木乃伊石棺,2,150,150,,,,,,,,,,
G20305,精英木乃伊3,M00208,精英木乃伊石棺,3,150,150,,,,,,,,,,
G20306,精英木乃伊4,M00208,精英木乃伊石棺,4,150,150,,,,,,,,,,
G20401,木乃伊2蓝豆2,M00207,木乃伊石棺,2,75,50,M00008,蓝色甜豆,2,50,150,,,,,
G20402,木乃伊3蓝豆3,M00207,木乃伊石棺,3,75,50,M00008,蓝色甜豆,3,50,150,,,,,
G20403,木乃伊4蓝豆4,M00207,木乃伊石棺,4,75,50,M00008,蓝色甜豆,4,50,150,,,,,
G20404,精英木乃伊1蓝豆2,M00208,精英木乃伊石棺,1,150,50,M00008,蓝色甜豆,2,50,150,,,,,
G20405,精英木乃伊2蓝豆3,M00208,精英木乃伊石棺,2,150,50,M00008,蓝色甜豆,3,50,150,,,,,
G20406,精英木乃伊2蓝豆4,M00208,精英木乃伊石棺,2,150,50,M00008,蓝色甜豆,4,50,150,,,,,
G20407,木乃伊2精英蓝豆2,M00207,木乃伊石棺,2,75,50,M00011,精英蓝色甜豆,2,150,150,,,,,
G20408,木乃伊3精英蓝豆2,M00207,木乃伊石棺,3,75,50,M00011,精英蓝色甜豆,2,150,150,,,,,
G20409,木乃伊4精英蓝豆3,M00207,木乃伊石棺,4,75,50,M00011,精英蓝色甜豆,3,150,150,,,,,
G20410,精英木乃伊1精英蓝豆2,M00208,精英木乃伊石棺,1,150,50,M00011,精英蓝色甜豆,2,150,150,,,,,
G20411,精英木乃伊2精英蓝豆2,M00208,精英木乃伊石棺,2,150,50,M00011,精英蓝色甜豆,2,150,150,,,,,
G20412,精英木乃伊2精英蓝豆3,M00208,精英木乃伊石棺,2,150,50,M00011,精英蓝色甜豆,3,150,150,,,,,
G20501,香肠12,M00210,香肠沙虫,6,50,50,,,,,,,,,,
G20502,香肠15,M00210,香肠沙虫,8,50,50,,,,,,,,,,
G20503,香肠18,M00210,香肠沙虫,10,50,50,,,,,,,,,,
G20504,精英香肠4,M00211,精英香肠沙虫,4,150,50,,,,,,,,,,
G20505,精英香肠6,M00211,精英香肠沙虫,5,150,50,,,,,,,,,,
G20506,精英香肠8,M00211,精英香肠沙虫,6,150,50,,,,,,,,,,
G20601,香肠3,M00210,香肠沙虫,3,50,50,M00014,黄瓜猎犬,4,50,150,,,,,
G20602,香肠4,M00210,香肠沙虫,4,50,50,M00014,黄瓜猎犬,6,50,150,,,,,
G20603,香肠5,M00210,香肠沙虫,5,50,50,M00014,黄瓜猎犬,8,50,150,,,,,
G20604,精英香肠2,M00211,精英香肠沙虫,2,150,50,M00014,黄瓜猎犬,4,50,150,,,,,
G20605,精英香肠2,M00211,精英香肠沙虫,2,150,50,M00014,黄瓜猎犬,6,50,150,,,,,
G20606,精英香肠3,M00211,精英香肠沙虫,3,150,50,M00014,黄瓜猎犬,8,50,150,,,,,
G20607,香肠3,M00210,香肠沙虫,3,50,50,M00017,精英黄瓜猎犬,2,150,150,,,,,
G20608,香肠4,M00210,香肠沙虫,4,50,50,M00017,精英黄瓜猎犬,3,150,150,,,,,
G20609,香肠5,M00210,香肠沙虫,5,50,50,M00017,精英黄瓜猎犬,4,150,150,,,,,
G20610,精英香肠2,M00211,精英香肠沙虫,2,150,50,M00017,精英黄瓜猎犬,2,150,150,,,,,
G20611,精英香肠2,M00211,精英香肠沙虫,2,150,50,M00017,精英黄瓜猎犬,3,150,150,,,,,
G20612,精英香肠3,M00211,精英香肠沙虫,3,150,50,M00017,精英黄瓜猎犬,4,150,150,,,,,
G20701,培根3蓝豆2,M00204,培根蝎子,3,50,50,M00008,蓝色甜豆,2,50,150,,,,,
G20702,培根3蓝豆3,M00204,培根蝎子,4,50,50,M00008,蓝色甜豆,3,50,150,,,,,
G20703,培根5蓝豆4,M00204,培根蝎子,5,50,50,M00008,蓝色甜豆,4,50,150,,,,,
G20704,精英培根3蓝豆2,M00205,精英培根蝎子,1,150,50,M00008,蓝色甜豆,2,50,150,,,,,
G20705,精英培根3蓝豆3,M00205,精英培根蝎子,2,150,50,M00008,蓝色甜豆,3,50,150,,,,,
G20706,精英培根5蓝豆4,M00205,精英培根蝎子,3,150,50,M00008,蓝色甜豆,4,50,150,,,,,
G20707,培根1精英蓝豆2,M00204,培根蝎子,3,50,50,M00011,精英蓝色甜豆,2,150,150,,,,,
G20708,培根2精英蓝豆2,M00204,培根蝎子,4,50,50,M00011,精英蓝色甜豆,2,150,150,,,,,
G20709,培根3精英蓝豆3,M00204,培根蝎子,5,50,50,M00011,精英蓝色甜豆,3,150,150,,,,,
G20710,精英培根1精英蓝豆2,M00205,精英培根蝎子,1,150,50,M00011,精英蓝色甜豆,2,150,150,,,,,
G20711,精英培根2精英蓝豆2,M00205,精英培根蝎子,2,150,50,M00011,精英蓝色甜豆,2,150,150,,,,,
G20712,精英培根3精英蓝豆3,M00205,精英培根蝎子,3,150,50,M00011,精英蓝色甜豆,3,150,150,,,,,
G20801,培根3黄瓜7,M00204,培根蝎子,3,50,150,M00014,黄瓜猎犬,4,50,150,,,,,
G20802,培根3黄瓜9,M00204,培根蝎子,4,50,150,M00014,黄瓜猎犬,6,50,150,,,,,
G20803,培根5黄瓜11,M00204,培根蝎子,5,50,150,M00014,黄瓜猎犬,8,50,150,,,,,
G20804,精英培根3精英黄瓜3,M00205,精英培根蝎子,1,150,150,M00014,黄瓜猎犬,4,50,150,,,,,
G20805,精英培根3精英黄瓜4,M00205,精英培根蝎子,2,150,150,M00014,黄瓜猎犬,6,50,150,,,,,
G20806,精英培根5精英黄瓜5,M00205,精英培根蝎子,3,150,150,M00014,黄瓜猎犬,8,50,150,,,,,
G20807,培根1黄瓜7,M00204,培根蝎子,3,50,150,M00017,精英黄瓜猎犬,2,150,150,,,,,
G20808,培根2黄瓜9,M00204,培根蝎子,4,50,150,M00017,精英黄瓜猎犬,3,150,150,,,,,
G20809,培根3黄瓜11,M00204,培根蝎子,5,50,150,M00017,精英黄瓜猎犬,4,150,150,,,,,
G20810,精英培根1精英黄瓜3,M00205,精英培根蝎子,1,150,150,M00017,精英黄瓜猎犬,2,150,150,,,,,
G20811,精英培根2精英黄瓜4,M00205,精英培根蝎子,2,150,150,M00017,精英黄瓜猎犬,3,150,150,,,,,
G20812,精英培根3精英黄瓜5,M00205,精英培根蝎子,3,150,150,M00017,精英黄瓜猎犬,4,150,150,,,,,
G20901,软泥5蓝豆2,M00213,软泥怪,5,50,50,M00008,蓝色甜豆,2,50,150,,,,,
G20902,软泥6蓝豆3,M00213,软泥怪,6,50,50,M00008,蓝色甜豆,3,50,150,,,,,
G20903,软泥7蓝豆4,M00213,软泥怪,7,50,50,M00008,蓝色甜豆,4,50,150,,,,,
G20904,精英软泥1蓝豆2,M00214,精英软泥怪,1,150,50,M00008,蓝色甜豆,2,50,150,,,,,
G20905,精英软泥2蓝豆3,M00214,精英软泥怪,2,150,50,M00008,蓝色甜豆,3,50,150,,,,,
G20906,精英软泥3蓝豆4,M00214,精英软泥怪,3,150,50,M00008,蓝色甜豆,4,50,150,,,,,
G20907,软泥5精英蓝豆2,M00213,软泥怪,5,50,50,M00011,精英蓝色甜豆,2,150,150,,,,,
G20908,软泥6精英蓝豆2,M00213,软泥怪,6,50,50,M00011,精英蓝色甜豆,2,150,150,,,,,
G20909,软泥7精英蓝豆3,M00213,软泥怪,7,50,50,M00011,精英蓝色甜豆,3,150,150,,,,,
G20910,精英软泥1精英蓝豆2,M00214,精英软泥怪,1,150,50,M00011,精英蓝色甜豆,2,150,150,,,,,
G20911,精英软泥2精英蓝豆2,M00214,精英软泥怪,2,150,50,M00011,精英蓝色甜豆,2,150,150,,,,,
G20912,精英软泥3精英蓝豆3,M00214,精英软泥怪,3,150,50,M00011,精英蓝色甜豆,3,150,150,,,,,
G21001,食材3甜点4,M00020,食材巨人,3,50,50,M00002,甜点战士,4,50,150,,,,,
G21002,食材4甜点5,M00020,食材巨人,4,50,50,M00002,甜点战士,5,50,150,,,,,
G21003,食材5甜点6,M00020,食材巨人,5,50,50,M00002,甜点战士,6,50,150,,,,,
G21004,精英食材1精英甜点2,M00023,精英食材巨人,1,150,50,M00002,甜点战士,4,50,150,,,,,
G21005,精英食材2精英甜点3,M00023,精英食材巨人,2,150,50,M00002,甜点战士,5,50,150,,,,,
G21006,精英食材3精英甜点4,M00023,精英食材巨人,3,150,50,M00002,甜点战士,6,50,150,,,,,
G21007,食材3甜点4,M00020,食材巨人,3,50,50,M00005,精英甜点战士,1,150,150,,,,,
G21008,食材4甜点5,M00020,食材巨人,4,50,50,M00005,精英甜点战士,2,150,150,,,,,
G21009,食材5甜点6,M00020,食材巨人,5,50,50,M00005,精英甜点战士,3,150,150,,,,,
G21010,精英食材1精英甜点2,M00023,精英食材巨人,1,150,50,M00005,精英甜点战士,1,150,150,,,,,
G21011,精英食材2精英甜点3,M00023,精英食材巨人,2,150,50,M00005,精英甜点战士,2,150,150,,,,,
G21012,精英食材3精英甜点4,M00023,精英食材巨人,3,150,50,M00005,精英甜点战士,3,150,150,,,,,
G21101,木乃伊2软泥5,M00207,木乃伊石棺,2,75,50,M00213,软泥怪,5,50,150,,,,,
G21102,木乃伊3软泥6,M00207,木乃伊石棺,3,75,50,M00213,软泥怪,6,50,150,,,,,
G21103,木乃伊4软泥7,M00207,木乃伊石棺,4,75,50,M00213,软泥怪,7,50,150,,,,,
G21104,精英木乃伊1精英软泥1,M00208,精英木乃伊石棺,1,150,50,M00213,软泥怪,5,50,150,,,,,
G21105,精英木乃伊2精英软泥2,M00208,精英木乃伊石棺,2,150,50,M00213,软泥怪,6,50,150,,,,,
G21106,精英木乃伊2精英软泥3,M00208,精英木乃伊石棺,2,150,50,M00213,软泥怪,7,50,150,,,,,
G21107,木乃伊2软泥5,M00207,木乃伊石棺,2,75,50,M00214,精英软泥怪,1,150,150,,,,,
G21108,木乃伊3软泥6,M00207,木乃伊石棺,3,75,50,M00214,精英软泥怪,2,150,150,,,,,
G21109,木乃伊4软泥7,M00207,木乃伊石棺,4,75,50,M00214,精英软泥怪,3,150,150,,,,,
G21110,精英木乃伊1精英软泥1,M00208,精英木乃伊石棺,1,150,50,M00214,精英软泥怪,1,150,150,,,,,
G21111,精英木乃伊2精英软泥2,M00208,精英木乃伊石棺,2,150,50,M00214,精英软泥怪,2,150,150,,,,,
G21112,精英木乃伊2精英软泥3,M00208,精英木乃伊石棺,2,150,50,M00214,精英软泥怪,3,150,150,,,,,
G21201,精英软泥2软泥5,M00214,精英软泥怪,2,50,50,M00213,软泥怪,5,50,150,,,,,
G21202,精英软泥3软泥6,M00214,精英软泥怪,3,50,50,M00213,软泥怪,6,50,150,,,,,
G21203,精英软泥4软泥7,M00214,精英软泥怪,4,50,50,M00213,软泥怪,7,50,150,,,,,
G29000,【BOSS】木乃伊,M00203,【BOSS】木乃伊,1,37.5,250,,,,,,,,,,
G29001,【BOSS】培根蝎子,M00206,【BOSS】培根蝎子,1,37.5,250,,,,,,,,,,
G29002,【BOSS】木乃伊石棺,M00209,【BOSS】木乃伊石棺,1,37.5,250,,,,,,,,,,
G29003,【BOSS】香肠沙虫,M00212,【BOSS】香肠沙虫,1,37.5,250,,,,,,,,,,
G29004,【BOSS】软泥怪,M00215,【BOSS】软泥怪,1,37.5,250,,,,,,,,,,
G29005,【BOSS】法老王的石棺,M00216,【BOSS】法老王的石棺,1,37.5,250,,,,,,,,,,
G29006,【BOSS】变异法老王的石棺,M00218,【BOSS】变异法老王的石棺,1,37.5,250,,,,,,,,,,
G30101,食材3甜甜圈3,M00021,食材巨人,3,50,50,M00301,胖甜甜圈混混,3,50,150,,,,,
G30102,食材4甜甜圈4,M00021,食材巨人,4,50,50,M00301,胖甜甜圈混混,4,50,150,,,,,
G30103,食材5甜甜圈5,M00021,食材巨人,5,50,50,M00301,胖甜甜圈混混,5,50,150,,,,,
G30104,精英食材1甜甜圈3,M00024,精英食材巨人,1,150,50,M00301,胖甜甜圈混混,3,50,150,,,,,
G30105,精英食材2甜甜圈4,M00024,精英食材巨人,2,150,50,M00301,胖甜甜圈混混,4,50,150,,,,,
G30106,精英食材3甜甜圈5,M00024,精英食材巨人,3,150,50,M00301,胖甜甜圈混混,5,50,150,,,,,
G30107,食材3精英甜甜圈1,M00021,食材巨人,3,50,50,M00302,精英胖甜甜圈混混,1,150,150,,,,,
G30108,食材4精英甜甜圈2,M00021,食材巨人,4,50,50,M00302,精英胖甜甜圈混混,2,150,150,,,,,
G30109,食材5精英甜甜圈3,M00021,食材巨人,5,50,50,M00302,精英胖甜甜圈混混,3,150,150,,,,,
G30110,精英食材1精英甜甜圈1,M00024,精英食材巨人,1,150,50,M00302,精英胖甜甜圈混混,1,150,150,,,,,
G30111,精英食材2精英甜甜圈2,M00024,精英食材巨人,2,150,50,M00302,精英胖甜甜圈混混,2,150,150,,,,,
G30112,精英食材3精英甜甜圈3,M00024,精英食材巨人,3,150,50,M00302,精英胖甜甜圈混混,3,150,150,,,,,
G30201,甜甜圈3甜点4,M00301,胖甜甜圈混混,3,50,50,M00003,甜点战士,4,50,150,,,,,
G30202,甜甜圈4甜点5,M00301,胖甜甜圈混混,4,50,50,M00003,甜点战士,5,50,150,,,,,
G30203,甜甜圈5甜点6,M00301,胖甜甜圈混混,5,50,50,M00003,甜点战士,6,50,150,,,,,
G30204,精英甜甜圈1甜点4,M00302,精英胖甜甜圈混混,1,150,50,M00003,甜点战士,4,50,150,,,,,
G30205,精英甜甜圈2甜点5,M00302,精英胖甜甜圈混混,2,150,50,M00003,甜点战士,5,50,150,,,,,
G30206,精英甜甜圈3甜点6,M00302,精英胖甜甜圈混混,3,150,50,M00003,甜点战士,6,50,150,,,,,
G30207,甜甜圈3精英甜点2,M00301,胖甜甜圈混混,3,50,50,M00006,精甜点战士,1,150,150,,,,,
G30208,甜甜圈4精英甜点3,M00301,胖甜甜圈混混,4,50,50,M00006,精甜点战士,2,150,150,,,,,
G30209,甜甜圈5精英甜点4,M00301,胖甜甜圈混混,5,50,50,M00006,精甜点战士,3,150,150,,,,,
G30210,精英甜甜圈1精英甜点2,M00302,精英胖甜甜圈混混,1,150,50,M00006,精甜点战士,1,150,150,,,,,
G30211,精英甜甜圈2精英甜点3,M00302,精英胖甜甜圈混混,2,150,50,M00006,精甜点战士,2,150,150,,,,,
G30212,精英甜甜圈3精英甜点4,M00302,精英胖甜甜圈混混,3,150,50,M00006,精甜点战士,3,150,150,,,,,
G30301,甜甜圈3瘦甜甜圈4,M00301,胖甜甜圈混混,3,50,50,M00304,瘦甜甜圈混混,4,50,150,,,,,
G30302,甜甜圈4瘦甜甜圈5,M00301,胖甜甜圈混混,4,50,50,M00304,瘦甜甜圈混混,5,50,150,,,,,
G30303,甜甜圈5瘦甜甜圈6,M00301,胖甜甜圈混混,5,50,50,M00304,瘦甜甜圈混混,6,50,150,,,,,
G30304,精英甜甜圈1瘦甜甜圈4,M00302,精英胖甜甜圈混混,1,150,50,M00304,瘦甜甜圈混混,4,50,150,,,,,
G30305,精英甜甜圈2瘦甜甜圈5,M00302,精英胖甜甜圈混混,2,150,50,M00304,瘦甜甜圈混混,5,50,150,,,,,
G30306,精英甜甜圈3瘦甜甜圈6,M00302,精英胖甜甜圈混混,3,150,50,M00304,瘦甜甜圈混混,6,50,150,,,,,
G30307,甜甜圈3精英瘦甜甜圈2,M00301,胖甜甜圈混混,3,50,50,M00305,精英瘦甜甜圈混混,2,150,150,,,,,
G30308,甜甜圈4精英瘦甜甜圈3,M00301,胖甜甜圈混混,4,50,50,M00305,精英瘦甜甜圈混混,3,150,150,,,,,
G30309,甜甜圈5精英瘦甜甜圈4,M00301,胖甜甜圈混混,5,50,50,M00305,精英瘦甜甜圈混混,4,150,150,,,,,
G30310,精英甜甜圈1精英瘦甜甜圈2,M00302,精英胖甜甜圈混混,1,150,50,M00305,精英瘦甜甜圈混混,2,150,150,,,,,
G30311,精英甜甜圈2精英瘦甜甜圈3,M00302,精英胖甜甜圈混混,2,150,50,M00305,精英瘦甜甜圈混混,3,150,150,,,,,
G30312,精英甜甜圈3精英瘦甜甜圈4,M00302,精英胖甜甜圈混混,3,150,50,M00305,精英瘦甜甜圈混混,4,150,150,,,,,
G30401,食材3瘦甜甜圈4,M00021,食材巨人,3,50,50,M00304,瘦甜甜圈混混,4,50,150,,,,,
G30402,食材4瘦甜甜圈5,M00021,食材巨人,4,50,50,M00304,瘦甜甜圈混混,5,50,150,,,,,
G30403,食材5瘦甜甜圈6,M00021,食材巨人,5,50,50,M00304,瘦甜甜圈混混,6,50,150,,,,,
G30404,精英食材1瘦甜甜圈4,M00024,精英食材巨人,1,150,50,M00304,瘦甜甜圈混混,4,50,150,,,,,
G30405,精英食材2瘦甜甜圈5,M00024,精英食材巨人,2,150,50,M00304,瘦甜甜圈混混,5,50,150,,,,,
G30406,精英食材3瘦甜甜圈6,M00024,精英食材巨人,3,150,50,M00304,瘦甜甜圈混混,6,50,150,,,,,
G30407,食材3精英瘦甜甜圈2,M00021,食材巨人,3,50,50,M00305,精英瘦甜甜圈混混,2,150,150,,,,,
G30408,食材4精英瘦甜甜圈3,M00021,食材巨人,4,50,50,M00305,精英瘦甜甜圈混混,3,150,150,,,,,
G30409,食材5精英瘦甜甜圈4,M00021,食材巨人,5,50,50,M00305,精英瘦甜甜圈混混,4,150,150,,,,,
G30410,精英食材1精英瘦甜甜圈2,M00024,精英食材巨人,1,150,50,M00305,精英瘦甜甜圈混混,2,150,150,,,,,
G30411,精英食材2精英瘦甜甜圈3,M00024,精英食材巨人,2,150,50,M00305,精英瘦甜甜圈混混,3,150,150,,,,,
G30412,精英食材3精英瘦甜甜圈4,M00024,精英食材巨人,3,150,50,M00305,精英瘦甜甜圈混混,4,150,150,,,,,
G30501,甜点4瘦甜甜圈4,M00003,甜点战士,4,50,50,M00304,瘦甜甜圈混混,4,50,150,,,,,
G30502,甜点5瘦甜甜圈5,M00003,甜点战士,5,50,50,M00304,瘦甜甜圈混混,5,50,150,,,,,
G30503,甜点6瘦甜甜圈6,M00003,甜点战士,6,50,50,M00304,瘦甜甜圈混混,6,50,150,,,,,
G30504,精英甜点2瘦甜甜圈4,M00006,精英甜点战士,4,150,50,M00304,瘦甜甜圈混混,4,50,150,,,,,
G30505,精英甜点3瘦甜甜圈5,M00006,精英甜点战士,5,150,50,M00304,瘦甜甜圈混混,5,50,150,,,,,
G30506,精英甜点4瘦甜甜圈6,M00006,精英甜点战士,6,150,50,M00304,瘦甜甜圈混混,6,50,150,,,,,
G30507,甜点4精英瘦甜甜圈2,M00003,甜点战士,1,50,50,M00305,精英瘦甜甜圈混混,2,150,150,,,,,
G30508,甜点5精英瘦甜甜圈3,M00003,甜点战士,2,50,50,M00305,精英瘦甜甜圈混混,3,150,150,,,,,
G30509,甜点6精英瘦甜甜圈4,M00003,甜点战士,3,50,50,M00305,精英瘦甜甜圈混混,4,150,150,,,,,
G30510,精英甜点2精英瘦甜甜圈2,M00006,精英甜点战士,1,150,50,M00305,精英瘦甜甜圈混混,2,150,150,,,,,
G30511,精英甜点3精英瘦甜甜圈3,M00006,精英甜点战士,2,150,50,M00305,精英瘦甜甜圈混混,3,150,150,,,,,
G30512,精英甜点4精英瘦甜甜圈4,M00006,精英甜点战士,3,150,50,M00305,精英瘦甜甜圈混混,4,150,150,,,,,
G30601,食材3黄瓜7,M00021,食材巨人,3,50,50,M00015,黄瓜猎犬,4,50,150,,,,,
G30602,食材4黄瓜9,M00021,食材巨人,4,50,50,M00015,黄瓜猎犬,6,50,150,,,,,
G30603,食材5黄瓜11,M00021,食材巨人,5,50,50,M00015,黄瓜猎犬,8,50,150,,,,,
G30604,精英食材1黄瓜7,M00024,精英食材巨人,1,150,50,M00015,黄瓜猎犬,4,50,150,,,,,
G30605,精英食材2黄瓜9,M00024,精英食材巨人,2,150,50,M00015,黄瓜猎犬,6,50,150,,,,,
G30606,精英食材3黄瓜11,M00024,精英食材巨人,3,150,50,M00015,黄瓜猎犬,8,50,150,,,,,
G30607,食材3精英黄瓜3,M00021,食材巨人,3,50,50,M00018,精英黄瓜猎犬,2,150,150,,,,,
G30608,食材4精英黄瓜4,M00021,食材巨人,4,50,50,M00018,精英黄瓜猎犬,3,150,150,,,,,
G30609,食材5精英黄瓜5,M00021,食材巨人,5,50,50,M00018,精英黄瓜猎犬,4,150,150,,,,,
G30610,精英食材1精英黄瓜3,M00024,精英食材巨人,1,150,50,M00018,精英黄瓜猎犬,2,150,150,,,,,
G30611,精英食材2精英黄瓜4,M00024,精英食材巨人,2,150,50,M00018,精英黄瓜猎犬,3,150,150,,,,,
G30612,精英食材3精英黄瓜5,M00024,精英食材巨人,3,150,50,M00018,精英黄瓜猎犬,4,150,150,,,,,
G30701,瓢虫5黄瓜7,M00307,糖果瓢虫,5,50,50,M00015,黄瓜猎犬,4,50,150,,,,,
G30702,瓢虫6黄瓜9,M00307,糖果瓢虫,6,50,50,M00015,黄瓜猎犬,6,50,150,,,,,
G30703,瓢虫7黄瓜11,M00307,糖果瓢虫,7,50,50,M00015,黄瓜猎犬,8,50,150,,,,,
G30704,精英瓢虫2黄瓜7,M00308,精英糖果瓢虫,2,150,50,M00015,黄瓜猎犬,4,50,150,,,,,
G30705,精英瓢虫3黄瓜9,M00308,精英糖果瓢虫,3,150,50,M00015,黄瓜猎犬,6,50,150,,,,,
G30706,精英瓢虫4黄瓜11,M00308,精英糖果瓢虫,4,150,50,M00015,黄瓜猎犬,8,50,150,,,,,
G30707,瓢虫5精英黄瓜3,M00307,糖果瓢虫,5,50,50,M00018,精英黄瓜猎犬,2,150,150,,,,,
G30708,瓢虫6精英黄瓜4,M00307,糖果瓢虫,6,50,50,M00018,精英黄瓜猎犬,3,150,150,,,,,
G30709,瓢虫7精英黄瓜5,M00307,糖果瓢虫,7,50,50,M00018,精英黄瓜猎犬,4,150,150,,,,,
G30710,精英瓢虫2精英黄瓜3,M00308,精英糖果瓢虫,2,150,50,M00018,精英黄瓜猎犬,2,150,150,,,,,
G30711,精英瓢虫3精英黄瓜4,M00308,精英糖果瓢虫,3,150,50,M00018,精英黄瓜猎犬,3,150,150,,,,,
G30712,精英瓢虫4精英黄瓜5,M00308,精英糖果瓢虫,4,150,50,M00018,精英黄瓜猎犬,4,150,150,,,,,
G30801,巧克力法师2糖果5,M00009,巧克力豆法师,2,50,50,M00307,糖果瓢虫,5,50,150,,,,,
G30802,巧克力法师3糖果6,M00009,巧克力豆法师,3,50,50,M00307,糖果瓢虫,6,50,150,,,,,
G30803,巧克力法师4糖果7,M00009,巧克力豆法师,4,50,50,M00307,糖果瓢虫,7,50,150,,,,,
G30804,精英巧克力法师2糖果5,M00012,精英巧克力豆,2,150,50,M00307,糖果瓢虫,5,50,150,,,,,
G30805,精英巧克力法师2糖果6,M00012,精英巧克力豆,2,150,50,M00307,糖果瓢虫,6,50,150,,,,,
G30806,精英巧克力法师3糖果7,M00012,精英巧克力豆,3,150,50,M00307,糖果瓢虫,7,50,150,,,,,
G30807,巧克力法师2精英糖果2,M00009,巧克力豆法师,2,50,50,M00308,精英糖果瓢虫,2,150,150,,,,,
G30808,巧克力法师3精英糖果3,M00009,巧克力豆法师,3,50,50,M00308,精英糖果瓢虫,3,150,150,,,,,
G30809,巧克力法师4精英糖果4,M00009,巧克力豆法师,4,50,50,M00308,精英糖果瓢虫,4,150,150,,,,,
G30810,精英巧克力法师2精英糖果2,M00012,精英巧克力豆,2,150,50,M00308,精英糖果瓢虫,2,150,150,,,,,
G30811,精英巧克力法师2精英糖果3,M00012,精英巧克力豆,2,150,50,M00308,精英糖果瓢虫,3,150,150,,,,,
G30812,精英巧克力法师3精英糖果4,M00012,精英巧克力豆,3,150,50,M00308,精英糖果瓢虫,4,150,150,,,,,
G30901,巧克力法师2瘦甜甜圈4,M00009,巧克力豆法师,2,50,50,M00304,瘦甜甜圈混混,4,50,150,,,,,
G30902,巧克力法师3瘦甜甜圈5,M00009,巧克力豆法师,3,50,50,M00304,瘦甜甜圈混混,5,50,150,,,,,
G30903,巧克力法师4瘦甜甜圈6,M00009,巧克力豆法师,4,50,50,M00304,瘦甜甜圈混混,6,50,150,,,,,
G30904,精英巧克力法师2瘦甜甜圈4,M00012,精英巧克力豆,2,150,50,M00304,瘦甜甜圈混混,4,50,150,,,,,
G30905,精英巧克力法师2瘦甜甜圈5,M00012,精英巧克力豆,2,150,50,M00304,瘦甜甜圈混混,5,50,150,,,,,
G30906,精英巧克力法师3瘦甜甜圈6,M00012,精英巧克力豆,3,150,50,M00304,瘦甜甜圈混混,6,50,150,,,,,
G30907,巧克力法师2精英瘦甜甜圈2,M00009,巧克力豆法师,2,50,50,M00305,精英瘦甜甜圈混混,2,150,150,,,,,
G30908,巧克力法师3精英瘦甜甜圈3,M00009,巧克力豆法师,3,50,50,M00305,精英瘦甜甜圈混混,3,150,150,,,,,
G30909,巧克力法师4精英瘦甜甜圈4,M00009,巧克力豆法师,4,50,50,M00305,精英瘦甜甜圈混混,4,150,150,,,,,
G30910,精英巧克力2精英瘦甜甜圈2,M00012,精英巧克力豆,2,150,50,M00305,精英瘦甜甜圈混混,2,150,150,,,,,
G30911,精英巧克力2精英瘦甜甜圈3,M00012,精英巧克力豆,2,150,50,M00305,精英瘦甜甜圈混混,3,150,150,,,,,
G30912,精英巧克力3精英瘦甜甜圈4,M00012,精英巧克力豆,3,150,50,M00305,精英瘦甜甜圈混混,4,150,150,,,,,
G31001,食材3巧克力法师2,M00021,食材巨人,3,50,50,M00009,巧克力豆法师,2,50,150,,,,,
G31002,食材4巧克力法师3,M00021,食材巨人,4,50,50,M00009,巧克力豆法师,3,50,150,,,,,
G31003,食材5巧克力法师4,M00021,食材巨人,5,50,50,M00009,巧克力豆法师,4,50,150,,,,,
G31004,精英食材1巧克力法师2,M00024,精英食材巨人,1,150,50,M00009,巧克力豆法师,2,50,150,,,,,
G31005,精英食材2巧克力法师3,M00024,精英食材巨人,2,150,50,M00009,巧克力豆法师,3,50,150,,,,,
G31006,精英食材3巧克力法师4,M00024,精英食材巨人,3,150,50,M00009,巧克力豆法师,4,50,150,,,,,
G31007,食材3精英巧克力法师2,M00021,食材巨人,3,50,50,M00012,精英巧克力豆,2,150,150,,,,,
G31008,食材4精英巧克力法师2,M00021,食材巨人,4,50,50,M00012,精英巧克力豆,2,150,150,,,,,
G31009,食材5精英巧克力法师3,M00021,食材巨人,5,50,50,M00012,精英巧克力豆,3,150,150,,,,,
G31010,精英食材1精英巧克力法师2,M00024,精英食材巨人,1,150,50,M00012,精英巧克力豆,2,150,150,,,,,
G31011,精英食材2精英巧克力法师2,M00024,精英食材巨人,2,150,50,M00012,精英巧克力豆,2,150,150,,,,,
G31012,精英食材3精英巧克力法师3,M00024,精英食材巨人,3,150,50,M00012,精英巧克力豆,3,150,150,,,,,
G31101,甜甜圈3巧克力法师2,M00301,胖甜甜圈混混,3,50,50,M00009,巧克力豆法师,2,50,150,,,,,
G31102,甜甜圈4巧克力法师3,M00301,胖甜甜圈混混,4,50,50,M00009,巧克力豆法师,3,50,150,,,,,
G31103,甜甜圈5巧克力法师4,M00301,胖甜甜圈混混,5,50,50,M00009,巧克力豆法师,4,50,150,,,,,
G31104,精英甜甜圈1巧克力法师2,M00302,精英胖甜甜圈混混,1,150,50,M00009,巧克力豆法师,2,50,150,,,,,
G31105,精英甜甜圈2巧克力法师3,M00302,精英胖甜甜圈混混,2,150,50,M00009,巧克力豆法师,3,50,150,,,,,
G31106,精英甜甜圈3巧克力法师4,M00302,精英胖甜甜圈混混,3,150,50,M00009,巧克力豆法师,4,50,150,,,,,
G31107,甜甜圈3精英巧克力法师2,M00301,胖甜甜圈混混,3,50,50,M00012,精英巧克力豆,2,150,150,,,,,
G31108,甜甜圈4精英巧克力法师2,M00301,胖甜甜圈混混,4,50,50,M00012,精英巧克力豆,2,150,150,,,,,
G31109,甜甜圈5精英巧克力法师3,M00301,胖甜甜圈混混,5,50,50,M00012,精英巧克力豆,3,150,150,,,,,
G31110,精英甜甜圈1精英巧克力2,M00302,精英胖甜甜圈混混,1,150,50,M00012,精英巧克力豆,2,150,150,,,,,
G31111,精英甜甜圈2精英巧克力2,M00302,精英胖甜甜圈混混,2,150,50,M00012,精英巧克力豆,2,150,150,,,,,
G31112,精英甜甜圈3精英巧克力3,M00302,精英胖甜甜圈混混,3,150,50,M00012,精英巧克力豆,3,150,150,,,,,
G31201,甜点4巧克力2,M00003,甜点战士,4,50,50,M00009,巧克力豆法师,2,50,150,,,,,
G31202,甜点5巧克力3,M00003,甜点战士,5,50,50,M00009,巧克力豆法师,3,50,150,,,,,
G31203,甜点6巧克力4,M00003,甜点战士,6,50,50,M00009,巧克力豆法师,4,50,150,,,,,
G31204,精英甜点2巧克力2,M00006,精英甜点战士,1,150,50,M00009,巧克力豆法师,2,50,150,,,,,
G31205,精英甜点3巧克力3,M00006,精英甜点战士,2,150,50,M00009,巧克力豆法师,3,50,150,,,,,
G31206,精英甜点4巧克力4,M00006,精英甜点战士,3,150,50,M00009,巧克力豆法师,4,50,150,,,,,
G31207,甜点4精英巧克力2,M00003,甜点战士,4,50,50,M00012,精英巧克力豆,2,150,150,,,,,
G31208,甜点5精英巧克力2,M00003,甜点战士,5,50,50,M00012,精英巧克力豆,2,150,150,,,,,
G31209,甜点6精英巧克力3,M00003,甜点战士,6,50,50,M00012,精英巧克力豆,3,150,150,,,,,
G31210,精英甜点2精英巧克力2,M00006,精英甜点战士,1,150,50,M00012,精英巧克力豆,2,150,150,,,,,
G31211,精英甜点3精英巧克力2,M00006,精英甜点战士,2,150,50,M00012,精英巧克力豆,2,150,150,,,,,
G31212,精英甜点4精英巧克力3,M00006,精英甜点战士,3,150,50,M00012,精英巧克力豆,3,150,150,,,,,
G31301,精英糖果2糖果8,M00311,【精英】糖果蛛后,1,150,50,M00310,糖果蜘蛛,5,50,150,,,,,
G31302,精英糖果3糖果11,M00311,【精英】糖果蛛后,2,150,50,M00310,糖果蜘蛛,7,50,150,,,,,
G31303,精英糖果4糖果14,M00311,【精英】糖果蛛后,3,150,50,M00310,糖果蜘蛛,9,50,150,,,,,
G31401,瓢虫5蜘蛛8,M00307,糖果瓢虫,5,50,50,M00310,糖果蜘蛛,8,50,150,,,,,
G31402,瓢虫6蜘蛛11,M00307,糖果瓢虫,6,50,50,M00310,糖果蜘蛛,11,50,150,,,,,
G31403,瓢虫7蜘蛛14,M00307,糖果瓢虫,7,50,50,M00310,糖果蜘蛛,14,50,150,,,,,
G31404,精英瓢虫2蜘蛛8,M00308,精英糖果瓢虫,2,150,50,M00310,糖果蜘蛛,8,50,150,,,,,
G31405,精英瓢虫3蜘蛛11,M00308,精英糖果瓢虫,3,150,50,M00310,糖果蜘蛛,11,50,150,,,,,
G31406,精英瓢虫4蜘蛛14,M00308,精英糖果瓢虫,4,150,50,M00310,糖果蜘蛛,14,50,150,,,,,
G31407,瓢虫5精英蜘蛛2,M00307,糖果瓢虫,5,50,50,M00311,【精英】糖果蛛后,2,150,150,,,,,
G31408,瓢虫6精英蜘蛛3,M00307,糖果瓢虫,6,50,50,M00311,【精英】糖果蛛后,3,150,150,,,,,
G31409,瓢虫7精英蜘蛛4,M00307,糖果瓢虫,7,50,50,M00311,【精英】糖果蛛后,4,150,150,,,,,
G31410,精英瓢虫2精英蜘蛛2,M00308,精英糖果瓢虫,2,150,50,M00311,【精英】糖果蛛后,2,150,150,,,,,
G31411,精英瓢虫3精英蜘蛛3,M00308,精英糖果瓢虫,3,150,50,M00311,【精英】糖果蛛后,3,150,150,,,,,
G31412,精英瓢虫4精英蜘蛛4,M00308,精英糖果瓢虫,4,150,50,M00311,【精英】糖果蛛后,4,150,150,,,,,
G31501,食材3甜点4,M00021,食材巨人,3,50,50,M00003,甜点战士,4,50,150,,,,,
G31502,食材4甜点5,M00021,食材巨人,4,50,50,M00003,甜点战士,5,50,150,,,,,
G31503,食材5甜点6,M00021,食材巨人,5,50,50,M00003,甜点战士,6,50,150,,,,,
G31504,精英食材1甜点4,M00024,精英食材巨人,1,150,50,M00003,甜点战士,4,50,150,,,,,
G31505,精英食材2甜点5,M00024,精英食材巨人,2,150,50,M00003,甜点战士,5,50,150,,,,,
G31506,精英食材3甜点6,M00024,精英食材巨人,3,150,50,M00003,甜点战士,6,50,150,,,,,
G31507,食材3精英甜点2,M00021,食材巨人,3,50,50,M00006,精英甜点战士,1,150,150,,,,,
G31508,食材4精英甜点3,M00021,食材巨人,4,50,50,M00006,精英甜点战士,2,150,150,,,,,
G31509,食材5精英甜点4,M00021,食材巨人,5,50,50,M00006,精英甜点战士,3,150,150,,,,,
G31510,精英食材1精英甜点2,M00024,精英食材巨人,1,150,50,M00006,精英甜点战士,1,150,150,,,,,
G31511,精英食材2精英甜点3,M00024,精英食材巨人,2,150,50,M00006,精英甜点战士,2,150,150,,,,,
G31512,精英食材3精英甜点4,M00024,精英食材巨人,3,150,50,M00006,精英甜点战士,3,150,150,,,,,
G39001,【BOSS】甜甜圈大佬,M00303,【BOSS】甜甜圈大佬,1,37.5,250,,,,,,,,,,
G39002,【BOSS】甜甜圈大佬,M00306,【BOSS】甜甜圈大佬,1,37.5,250,,,,,,,,,,
G39003,【BOSS】糖果瓢虫,M00309,【BOSS】糖果瓢虫,1,37.5,250,,,,,,,,,,
G39004,【BOSS】糖果蛛后,M00312,【BOSS】糖果蛛后,1,37.5,250,,,,,,,,,,
G39005,糖棍蜈蚣,M00314,糖棍蜈蚣,1,37.5,250,,,,,,,,,,
G39006,变异糖棍蜈蚣,M00318,变异糖棍蜈蚣,1,37.5,250,,,,,,,,,,
G90001,【BOSS】冰淇淋雪人,M00412,【BOSS】冰淇淋雪人,4,37.5,250,,,,,,,,,,
G90002,【BOSS】法老王的石棺,M00216,【BOSS】法老王的石棺,1,37.5,250,,,,,,,,,,
G90003,测试1,M00010,巧克力豆法师,3,150,250,M00011,巧克力豆法师,3,150,250,M00012,巧克力豆法师,3,300,500
G90004,测试2,M00022,食材巨人,3,150,250,M00105,蘑菇小弟,3,150,250,M00108,蜗牛邮差,3,300,500
G90005,测试3,M00111,森林守护者,3,150,250,M00114,【BOSS】变异提拉米苏棕熊,1,150,250,M00211,香肠沙虫,3,300,500
G90006,测试4,M00302,甜甜圈混混,3,150,250,M00305,甜甜圈混混,3,150,250,M00218,【BOSS】变异法老王的石棺,1,300,500
G90007,测试5,M00107,蜗牛邮差,1,150,50,M00104,蘑菇小弟,1,150,50,M00113,【BOSS】提拉米苏棕熊,1,300,500
G90008,测试6,M00314,【BOSS】糖棍蜈蚣,1,150,50,M00216,【BOSS】法老王的石棺,1,150,250,,,,,
G90009,测试7,M00312,【精英】糖果蛛后,1,150,250,M00318,【BOSS】变异糖棍蜈蚣,1,150,250,,,,,
G90010,测试8,M00029,,1,150,250,M00035,,1,150,250,M00041,,1,300,500
G90011,测试9,M00047,,1,150,250,M00502,,1,150,250,M00503,,1,300,500
G90012,测试10,M00505,,1,150,250,M00506,,1,150,250,M00508,,1,300,500
G90013,测试11,M00509,,1,150,250,M00511,,1,150,250,M00512,,1,300,500
G90014,测试12,M00513,,1,150,250,,,,,,,,,,
G90015,测试13,M00302,甜甜圈混混,3,150,250,M00211,香肠沙虫,3,150,250,M00011,巧克力豆法师,3,300,500
G90016,测试14,M00010,巧克力豆法师,3,150,250,M00216,【BOSS】法老王的石棺,1,150,250,M00113,【BOSS】提拉米苏棕熊,1,300,500
G90017,测试15,M00318,【BOSS】糖棍蜈蚣,1,150,250,M00108,蜗牛邮差,3,150,250,M00105,蘑菇小弟,3,300,500
G90018,测试16,M00028,,1,150,250,M00034,,1,150,250,M00040,,1,300,500
G90019,测试17,M00046,,1,150,250,,,,,,,,,,
G90020,测试18,M00402,,1,150,250,M00403,,1,150,250,M00405,,1,300,500
G90021,测试19,M00406,,1,150,250,M00408,,1,150,250,M00409,,1,300,500
G90022,测试20,M00411,,1,150,250,M00412,,1,150,250,,,,,
G90023,测试21,M00413,,1,150,250,,,,,,,,,,
G90024,测试22,M00205,,3,150,250,M00318,【BOSS】糖棍蜈蚣,1,150,250,,,,,
G90025,测试23,M00030,,1,150,250,M00036,,1,150,250,M00042,,1,300,500
G90026,测试24,M00048,,1,150,250,M00605,,1,150,250,M00606,,1,300,500
G90027,测试25,M00611,,1,150,250,M00612,,1,150,250,,,,,
G90028,测试21,M00504,,1,150,250,,,,,,,,,,
