关卡ID,描述,关卡类型（闯关模式）,背景ID,地图ID,音乐ID,炮塔选择,初始金币,路径,本关出场的怪,玩家生命值,关卡期望战力,掉落物品1,掉落概率1,掉落物品2,掉落概率2,掉落物品3,掉落概率3,怪物掉落,消耗体力,关卡解锁条件,关卡分类,关卡CD（秒）,关卡所获金钱,每日关卡次数限制,额外挑战次数,关卡标注信息,偏移X,偏移Y,世界主题英文名,世界图片,是否最后一关（0=不是，1=是）,,,,,,,,,,
ID_kn,Des_c,TollgateTap_n,BackgroundID_s,MapID_s,MusicID_s,TowerSelect_s,InitGold_n,road_n,monsters_s,runOut_n,ExpectationsCombat_n,NormalDrop1_s,Probability1_n,NormalDrop2_s,Probability2_n,NormalDrop3_s,Probability3_n,BossDrop_s,CostStrength_n,Unlock_n,Classification_n,CoolDown_n,Money_n,Restrictions_n,ExtraTimes_n,Information_s,ShiftX_n,ShiftY_n,WorldName_s,WorldImage_s,IsLastLevel_n,Mission1_s,Mission1Prop1_s,Mission1Prop2_s,Mission2_s,Mission2Prop1_s,Mission2Prop2_s,Mission3_s,Mission3Prop1_s,Mission3Prop2_s,OpeningTime_s
1,时蔬村01,1,Level1_T_Scene.png,1,Theme_M_01,T01;T02;,860,1,M00101;M00125;M00128;,10,144,Comon_InscriptionPices_Box_01,10000,0,0,0,0,,6,0,0,0,240,4,3,,0,0,Vege Village,Image_Level1.png,0,TG015,5,,TG004,,,TG008,,,
2,时蔬村02,1,Level1_T_Scene.png,1,Theme_M_01,T01;T02;T03;,810,1,M00101;M00125;M00128;,10,269,Comon_InscriptionPices_Box_01,10000,0,0,0,0,,6,1,0,0,300,4,3,,0,0,Vege Village,Image_Level1.png,0,TG015,6,,TG007,150,,TG013,T04,,
3,时蔬村03,3,Level1_T_Scene.png,1,Theme_M_01,T01;T02;T03;T04;,790,1,M00101;M00125;M00128;,10,408,Head_InscriptionPices_Box_02,10000,Main_EvolvePices_Box_01,10000,0,0,,20,2,0,0,1200,2,3,,0,0,Vege Village,Image_Level1.png,0,TG015,4,,TG005,1,,TG014,T04,T05,
4,时蔬村04,1,Level1_T_Scene.png,1,Theme_M_01,T01;T02;T03;T04;T05;,810,1,M00101;M00125;M00128;,10,600,Comon_InscriptionPices_Box_01,10000,0,0,0,0,,6,3,0,0,420,4,3,,0,0,Vege Village,Image_Level1.png,0,TG015,5,,TG010,T05,3,TG008,,,
5,时蔬村05,2,Level1_T_Scene.png,1,Theme_M_01,T01;T02;T03;T04;T05;,780,1,M00101;M00125;M00128;,10,660,Main_InscriptionPices_Box_02,10000,Off_EvolvePices_Box_01,10000,0,0,,12,4,0,0,960,3,3,,0,0,Vege Village,Image_Level1.png,0,TG015,5,,TG011,T01,3,TG009,10,,
6,时蔬村06,1,Level1_T_Scene.png,1,Theme_M_01,T01;T02;T03;T04;T05;,750,1,M00101;M00125;M00128;,10,749,Comon_InscriptionPices_Box_01,10000,0,0,0,0,,6,5,0,0,540,4,3,,0,0,Vege Village,Image_Level1.png,0,TG015,5,,TG004,,,TG012,T01,T05,
7,时蔬村07,1,Level1_T_Scene.png,1,Theme_M_01,T01;T02;T03;T04;T05;,840,1,M00101;M00125;M00128;,10,840,Comon_InscriptionPices_Box_01,10000,0,0,0,0,,6,6,0,0,600,4,3,,0,0,Vege Village,Image_Level1.png,0,TG015,5,,TG004,,,TG008,,,
8,时蔬村08,2,Level1_T_Scene.png,1,Theme_M_01,T01;T02;T03;T04;T05;,760,1,M00101;M00125;M00128;,10,900,Off_InscriptionPices_Box_02,10000,Head_EvolvePices_Box_01,10000,0,0,,12,7,0,0,1320,3,3,,0,0,Vege Village,Image_Level1.png,0,TG015,5,,TG004,,,TG008,,,
9,时蔬村09,1,Level1_T_Scene.png,1,Theme_M_01,T01;T02;T03;T04;T05;,800,1,M00101;M00125;M00128;,10,1032,Comon_InscriptionPices_Box_01,10000,0,0,0,0,,6,8,0,0,720,4,3,,0,0,Vege Village,Image_Level1.png,0,TG015,5,,TG004,,,TG008,,,
10,时蔬村10,3,Level1_T_Scene.png,1,Theme_M_01,T01;T02;T03;T04;T05;,790,1,M00101;M00125;M00128;,10,1282,Head_InscriptionPices_Box_02,10000,Main_EvolvePices_Box_01,10000,0,0,,20,9,0,0,2600,2,3,,0,0,Vege Village,Image_Level1.png,0,TG015,5,,TG004,,,TG008,,,
11,时蔬村11,1,Level1_T_Scene.png,1,Theme_M_01,T01;T02;T03;T04;T05;,680,1,M00101;M00125;M00128;,10,1444,Sepecial_InscriptionPices_Box_01,10000,0,0,0,0,,6,10,5,0,840,4,3,,0,0,Vege Village,Image_Level1.png,0,TG002,,,TG005,3,,TG013,T02,,
12,时蔬村12,2,Level1_T_Scene.png,1,Theme_M_01,T01;T02;T03;T04;T05;,770,1,M00101;M00125;M00128;,10,1613,Main_InscriptionPices_Box_02,10000,Off_EvolvePices_Box_01,10000,0,0,,12,11,0,0,1800,3,3,,0,0,Vege Village,Image_Level1.png,0,TG015,5,,TG004,,,TG008,,,
13,时蔬村13,1,Level1_T_Scene.png,1,Theme_M_01,T01;T02;T03;T04;T05;,750,1,M00101;M00125;M00128;,10,1751,Comon_InscriptionPices_Box_01,10000,0,0,0,0,,6,12,0,0,960,4,3,,0,0,Vege Village,Image_Level1.png,0,TG015,5,,TG004,,,TG008,,,
14,时蔬村14,1,Level1_T_Scene.png,1,Theme_M_01,T01;T02;T03;T04;T05;,710,1,M00101;M00125;M00128;,10,1933,Sepecial_InscriptionPices_Box_01,10000,0,0,0,0,,6,13,0,0,1020,4,3,,0,0,Vege Village,Image_Level1.png,0,TG015,5,,TG004,,,TG008,,,
15,时蔬村15,2,Level1_T_Scene.png,1,Theme_M_01,T01;T02;T03;T04;T05;,660,1,M00101;M00125;M00128;,10,2080,Off_InscriptionPices_Box_02,10000,Head_EvolvePices_Box_01,10000,0,0,,12,14,0,0,2100,3,3,,0,0,Vege Village,Image_Level1.png,0,TG015,5,,TG004,,,TG008,,,
16,时蔬村16,1,Level1_T_Scene.png,1,Theme_M_01,T01;T02;T03;T04;T05;,670,1,M00101;M00125;M00128;,10,2402,Comon_InscriptionPices_Box_01,10000,0,0,0,0,,6,15,0,0,1140,4,3,,0,0,Vege Village,Image_Level1.png,0,TG015,5,,TG004,,,TG008,,,
17,时蔬村17,1,Level1_T_Scene.png,1,Theme_M_01,T01;T02;T03;T04;T05;,1500,1,M00101;M00125;M00128;,300,2616,Sepecial_InscriptionPices_Box_01,10000,0,0,0,0,,6,16,4,0,1200,4,3,,0,0,Vege Village,Image_Level1.png,0,TG001,5,,TG001,4,,TG001,3,,
18,时蔬村18,2,Level1_T_Scene.png,1,Theme_M_01,T01;T02;T03;T04;T05;,670,1,M00101;M00125;M00128;,10,2789,Main_InscriptionPices_Box_02,10000,Main_EvolvePices_Box_01,10000,0,0,,12,17,0,0,2500,3,3,,0,0,Vege Village,Image_Level1.png,0,TG015,5,,TG004,,,TG008,,,
19,时蔬村19,1,Level1_T_Scene.png,1,Theme_M_01,T01;T02;T03;T04;T05;,630,1,M00101;M00125;M00128;,10,3016,Comon_InscriptionPices_Box_01,10000,0,0,0,0,,6,18,0,0,1320,4,3,,0,0,Vege Village,Image_Level1.png,0,TG015,5,,TG004,,,TG008,,,
20,时蔬村20,3,Level1_T_Scene.png,1,Theme_M_01,T01;T02;T03;T04;T05;,730,1,M00101;M00125;M00128;,10,3199,Head_InscriptionPices_Box_02,10000,Off_EvolvePices_Box_01,10000,0,0,,20,19,0,0,4600,2,3,,0,0,Vege Village,Image_Level1.png,0,TG015,5,,TG004,,,TG008,,,
21,时蔬村21,1,Level1_T_Scene.png,1,Theme_M_01,T01;T02;T03;T04;T05;,840,1,M00101;M00125;M00128;,10,3637,Comon_InscriptionPices_Box_01,10000,0,0,0,0,,6,20,5,0,1440,4,3,,0,0,Vege Village,Image_Level1.png,0,TG002,,,TG005,3,,TG013,T01,,
22,时蔬村22,2,Level1_T_Scene.png,1,Theme_M_01,T01;T02;T03;T04;T05;,810,1,M00101;M00125;M00128;,10,3890,Off_InscriptionPices_Box_02,10000,Head_EvolvePices_Box_01,10000,0,0,,12,21,0,0,3000,3,3,,0,0,Vege Village,Image_Level1.png,0,TG015,5,,TG004,,,TG008,,,
23,时蔬村23,1,Level1_T_Scene.png,1,Theme_M_01,T01;T02;T03;T04;T05;,850,1,M00101;M00125;M00128;,10,4095,Main_InscriptionPices_Box_01,10000,0,0,0,0,,6,22,0,0,1560,4,3,,0,0,Vege Village,Image_Level1.png,0,TG015,5,,TG004,,,TG008,,,
24,时蔬村24,1,Level1_T_Scene.png,1,Theme_M_01,T01;T02;T03;T04;T05;,840,1,M00101;M00125;M00128;,10,4266,Off_InscriptionPices_Box_01,10000,0,0,0,0,,6,23,0,0,1620,4,3,,0,0,Vege Village,Image_Level1.png,0,TG015,5,,TG004,,,TG008,,,
25,时蔬村25,3,Level1_T_Scene.png,1,Theme_M_01,T01;T02;T03;T04;T05;,840,1,M00101;M00125;M00128;,10,4380,Head_InscriptionPices_Box_02,10000,Main_EvolvePices_Box_01,10000,0,0,,12,24,0,0,5600,2,3,,0,0,Vege Village,Image_Level1.png,0,TG015,5,,TG004,,,TG008,,,
26,时蔬村26,1,Level1_T_Scene.png,1,Theme_M_01,T01;T02;T03;T04;T05;,910,1,M00101;M00125;M00128;,10,4551,Head_InscriptionPices_Box_01,10000,0,0,0,0,,6,25,0,0,1740,4,3,,0,0,Vege Village,Image_Level1.png,0,TG015,5,,TG004,,,TG008,,,
27,时蔬村27,1,Level1_T_Scene.png,1,Theme_M_01,T01;T02;T03;T04;T05;,1500,1,M00101;M00125;M00128;,300,4722,Sepecial_InscriptionPices_Box_01,10000,0,0,0,0,,6,26,4,0,1800,4,3,,0,0,Vege Village,Image_Level1.png,0,TG001,5,,TG001,4,,TG001,3,,
28,时蔬村28,2,Level1_T_Scene.png,1,Theme_M_01,T01;T02;T03;T04;T05;,880,1,M00101;M00125;M00128;,10,4989,Main_InscriptionPices_Box_02,10000,Off_EvolvePices_Box_01,10000,0,0,,12,27,0,0,3700,3,3,,0,0,Vege Village,Image_Level1.png,0,TG015,5,,TG004,,,TG008,,,
29,时蔬村29,1,Level1_T_Scene.png,1,Theme_M_01,T01;T02;T03;T04;T05;,920,1,M00101;M00125;M00128;,10,5165,Comon_InscriptionPices_Box_01,10000,0,0,0,0,,6,28,0,0,1920,4,3,,0,0,Vege Village,Image_Level1.png,0,TG015,5,,TG004,,,TG008,,,
30,时蔬村30,3,Level1_T_Scene.png,1,Theme_M_01,T01;T02;T03;T04;T05;,860,1,M00101;M00125;M00128;,10,5283,Head_InscriptionPices_Box_02,10000,Head_EvolvePices_Box_01,10000,0,0,,20,29,5,0,6600,2,3,,0,0,Vege Village,Image_Level1.png,0,TG002,,,TG005,3,,TG013,T03,,
31,芝士沙漠01,1,Level2_T_Scene.png,2,Theme_M_02,T01;T02;T03;T04;T05;,610,1,M00101;M00125;M00128;,10,5627,Comon_InscriptionPices_Box_01,10000,0,0,0,0,,6,30,0,0,2040,4,3,,0,0,Cheese Desert,Image_Level2.png,0,TG015,5,,TG004,,,TG008,,,
32,芝士沙漠02,2,Level2_T_Scene.png,2,Theme_M_02,T01;T02;T03;T04;T05;,710,1,M00101;M00125;M00128;,10,5809,Off_InscriptionPices_Box_02,10000,Main_EvolvePices_Box_02,10000,0,0,,12,31,0,0,4200,3,3,,0,0,Cheese Desert,Image_Level2.png,0,TG015,5,,TG004,,,TG008,,,
33,芝士沙漠03,1,Level2_T_Scene.png,2,Theme_M_02,T01;T02;T03;T04;T05;,610,1,M00101;M00125;M00128;,10,5930,Main_InscriptionPices_Box_01,10000,0,0,0,0,,6,32,0,0,2160,4,3,,0,0,Cheese Desert,Image_Level2.png,0,TG015,5,,TG004,,,TG008,,,
34,芝士沙漠04,1,Level2_T_Scene.png,2,Theme_M_02,T01;T02;T03;T04;T05;,650,1,M00101;M00125;M00128;,10,6294,Off_InscriptionPices_Box_01,10000,0,0,0,0,,6,33,0,0,2220,4,3,,0,0,Cheese Desert,Image_Level2.png,0,TG015,5,,TG004,,,TG008,,,
35,芝士沙漠05,2,Level2_T_Scene.png,2,Theme_M_02,T01;T02;T03;T04;T05;,1500,1,M00101;M00125;M00128;,300,6419,Main_InscriptionPices_Box_02,10000,Off_EvolvePices_Box_02,10000,0,0,,12,34,4,0,4560,3,3,,0,0,Cheese Desert,Image_Level2.png,0,TG001,5,,TG001,4,,TG001,3,,
36,芝士沙漠06,1,Level2_T_Scene.png,2,Theme_M_02,T01;T02;T03;T04;T05;,710,1,M00101;M00125;M00128;,10,6797,Head_InscriptionPices_Box_01,10000,0,0,0,0,,6,35,0,0,2340,4,3,,0,0,Cheese Desert,Image_Level2.png,0,TG015,5,,TG004,,,TG008,,,
37,芝士沙漠07,1,Level2_T_Scene.png,2,Theme_M_02,T01;T02;T03;T04;T05;,650,1,M00101;M00125;M00128;,10,7187,Sepecial_InscriptionPices_Box_01,10000,0,0,0,0,,6,36,0,0,2400,4,3,,0,0,Cheese Desert,Image_Level2.png,0,TG015,5,,TG004,,,TG008,,,
38,芝士沙漠08,2,Level2_T_Scene.png,2,Theme_M_02,T01;T02;T03;T04;T05;,650,1,M00101;M00125;M00128;,10,7319,Off_InscriptionPices_Box_02,10000,Head_EvolvePices_Box_02,10000,0,0,,12,37,0,0,4900,3,3,,0,0,Cheese Desert,Image_Level2.png,0,TG015,5,,TG004,,,TG008,,,
39,芝士沙漠09,1,Level2_T_Scene.png,2,Theme_M_02,T01;T02;T03;T04;T05;,630,1,M00101;M00125;M00128;,10,7517,Comon_InscriptionPices_Box_01,10000,0,0,0,0,,6,38,0,0,2500,4,3,,0,0,Cheese Desert,Image_Level2.png,0,TG015,5,,TG004,,,TG008,,,
40,芝士沙漠10,3,Level2_T_Scene.png,2,Theme_M_02,T01;T02;T03;T04;T05;,640,1,M00101;M00125;M00128;,10,7649,Head_InscriptionPices_Box_02,10000,Main_EvolvePices_Box_02,10000,0,0,,20,39,0,0,8600,2,3,,0,0,Cheese Desert,Image_Level2.png,0,TG015,5,,TG004,,,TG008,,,
41,芝士沙漠11,1,Level2_T_Scene.png,2,Theme_M_02,T01;T02;T03;T04;T05;,890,1,M00101;M00125;M00128;,10,8061,Comon_InscriptionPices_Box_01,10000,0,0,0,0,,6,40,5,0,2600,4,3,,0,0,Cheese Desert,Image_Level2.png,0,TG002,,,TG005,3,,TG013,T05,,
42,芝士沙漠12,2,Level2_T_Scene.png,2,Theme_M_02,T01;T02;T03;T04;T05;,880,1,M00101;M00125;M00128;,10,8265,Main_InscriptionPices_Box_02,10000,Off_EvolvePices_Box_02,10000,0,0,,12,41,0,0,5400,3,3,,0,0,Cheese Desert,Image_Level2.png,0,TG015,5,,TG004,,,TG008,,,
43,芝士沙漠13,1,Level2_T_Scene.png,2,Theme_M_02,T01;T02;T03;T04;T05;,830,1,M00101;M00125;M00128;,10,8400,Main_InscriptionPices_Box_01,10000,0,0,0,0,,6,42,0,0,2700,4,3,,0,0,Cheese Desert,Image_Level2.png,0,TG015,5,,TG004,,,TG008,,,
44,芝士沙漠14,1,Level2_T_Scene.png,2,Theme_M_02,T01;T02;T03;T04;T05;,790,1,M00101;M00125;M00128;,10,8833,Off_InscriptionPices_Box_01,10000,0,0,0,0,,6,43,0,0,2800,4,3,,0,0,Cheese Desert,Image_Level2.png,0,TG015,5,,TG004,,,TG008,,,
45,芝士沙漠15,2,Level2_T_Scene.png,2,Theme_M_02,T01;T02;T03;T04;T05;,1500,1,M00101;M00125;M00128;,300,8972,Off_InscriptionPices_Box_02,10000,Head_EvolvePices_Box_02,10000,0,0,,12,44,4,0,5700,3,3,,0,0,Cheese Desert,Image_Level2.png,0,TG001,5,,TG001,4,,TG001,3,,
46,芝士沙漠16,1,Level2_T_Scene.png,2,Theme_M_02,T01;T02;T03;T04;T05;,780,1,M00101;M00125;M00128;,10,9419,Head_InscriptionPices_Box_01,10000,0,0,0,0,,6,45,0,0,2900,4,3,,0,0,Cheese Desert,Image_Level2.png,0,TG015,5,,TG004,,,TG008,,,
47,芝士沙漠17,1,Level2_T_Scene.png,2,Theme_M_02,T01;T02;T03;T04;T05;,770,1,M00101;M00125;M00128;,10,9876,Sepecial_InscriptionPices_Box_01,10000,0,0,0,0,,6,46,0,0,3000,4,3,,0,0,Cheese Desert,Image_Level2.png,0,TG015,5,,TG004,,,TG008,,,
48,芝士沙漠18,2,Level2_T_Scene.png,2,Theme_M_02,T01;T02;T03;T04;T05;,860,1,M00101;M00125;M00128;,10,10270,Main_InscriptionPices_Box_02,10000,Main_EvolvePices_Box_02,10000,0,0,,12,47,0,0,6100,3,3,,0,0,Cheese Desert,Image_Level2.png,0,TG015,5,,TG004,,,TG008,,,
49,芝士沙漠19,1,Level2_T_Scene.png,2,Theme_M_02,T01;T02;T03;T04;T05;,860,1,M00101;M00125;M00128;,10,10495,Comon_InscriptionPices_Box_01,10000,0,0,0,0,,6,48,0,0,3100,4,3,,0,0,Cheese Desert,Image_Level2.png,0,TG015,5,,TG004,,,TG008,,,
50,芝士沙漠20,3,Level2_T_Scene.png,2,Theme_M_02,T01;T02;T03;T04;T05;,900,1,M00101;M00125;M00128;,10,10901,Head_InscriptionPices_Box_02,10000,Off_EvolvePices_Box_02,10000,0,0,,20,49,0,0,10600,2,3,,0,0,Cheese Desert,Image_Level2.png,0,TG015,5,,TG004,,,TG008,,,
51,芝士沙漠21,1,Level2_T_Scene.png,2,Theme_M_02,T01;T02;T03;T04;T05;,620,1,M00101;M00125;M00128;,10,11131,Comon_InscriptionPices_Box_01,10000,0,0,0,0,,6,50,5,0,3200,4,3,,0,0,Cheese Desert,Image_Level2.png,0,TG002,,,TG005,3,,TG013,T06,,
52,芝士沙漠22,2,Level2_T_Scene.png,2,Theme_M_02,T01;T02;T03;T04;T05;,710,1,M00101;M00125;M00128;,10,11628,Off_InscriptionPices_Box_02,10000,Head_EvolvePices_Box_02,10000,0,0,,12,51,0,0,6600,3,3,,0,0,Cheese Desert,Image_Level2.png,0,TG015,5,,TG004,,,TG008,,,
53,芝士沙漠23,1,Level2_T_Scene.png,2,Theme_M_02,T01;T02;T03;T04;T05;,620,1,M00101;M00125;M00128;,10,11785,Main_InscriptionPices_Box_01,10000,0,0,0,0,,6,52,0,0,3300,4,3,,0,0,Cheese Desert,Image_Level2.png,0,TG015,5,,TG004,,,TG008,,,
54,芝士沙漠24,1,Level2_T_Scene.png,2,Theme_M_02,T01;T02;T03;T04;T05;,670,1,M00101;M00125;M00128;,10,12297,Off_InscriptionPices_Box_01,10000,0,0,0,0,,6,53,0,0,3400,4,3,,0,0,Cheese Desert,Image_Level2.png,0,TG015,5,,TG004,,,TG008,,,
55,芝士沙漠25,3,Level2_T_Scene.png,2,Theme_M_02,T01;T02;T03;T04;T05;,1500,1,M00101;M00125;M00128;,300,12737,Head_InscriptionPices_Box_02,10000,Main_EvolvePices_Box_02,10000,0,0,,12,54,4,0,11600,2,3,,0,0,Cheese Desert,Image_Level2.png,0,TG001,5,,TG001,4,,TG001,3,,
56,芝士沙漠26,1,Level2_T_Scene.png,2,Theme_M_02,T01;T02;T03;T04;T05;,880,1,M00101;M00125;M00128;,10,13269,Head_InscriptionPices_Box_01,10000,0,0,0,0,,6,55,0,0,3500,4,3,,0,0,Cheese Desert,Image_Level2.png,0,TG015,5,,TG004,,,TG008,,,
57,芝士沙漠27,1,Level2_T_Scene.png,2,Theme_M_02,T01;T02;T03;T04;T05;,740,1,M00101;M00125;M00128;,10,13521,Sepecial_InscriptionPices_Box_01,10000,0,0,0,0,,6,56,0,0,3600,4,3,,0,0,Cheese Desert,Image_Level2.png,0,TG015,5,,TG004,,,TG008,,,
58,芝士沙漠28,2,Level2_T_Scene.png,2,Theme_M_02,T01;T02;T03;T04;T05;,780,1,M00101;M00125;M00128;,10,13689,Main_InscriptionPices_Box_02,10000,Off_EvolvePices_Box_02,10000,0,0,,12,57,0,0,7300,3,3,,0,0,Cheese Desert,Image_Level2.png,0,TG015,5,,TG004,,,TG008,,,
59,芝士沙漠29,1,Level2_T_Scene.png,2,Theme_M_02,T01;T02;T03;T04;T05;,780,1,M00101;M00125;M00128;,10,13941,Comon_InscriptionPices_Box_01,10000,0,0,0,0,,6,58,0,0,3700,4,3,,0,0,Cheese Desert,Image_Level2.png,0,TG015,5,,TG004,,,TG008,,,
60,芝士沙漠30,3,Level2_T_Scene.png,2,Theme_M_02,T01;T02;T03;T04;T05;,820,1,M00101;M00125;M00128;,10,14109,Head_InscriptionPices_Box_02_01,10000,Head_EvolvePices_Box_02,10000,0,0,,20,59,5,0,12600,2,3,,0,0,Cheese Desert,Image_Level2.png,0,TG002,,,TG005,3,,TG013,T07,,
61,千糖森林01,1,Level3_T_Scene.png,3,Theme_M_03,T01;T02;T03;T04;T05;,600,1,M00101;M00125;M00128;,10,14361,Comon_InscriptionPices_Box_01_01,10000,0,0,0,0,,6,60,0,0,3800,4,3,,0,0,Candy Forest,Image_Level3.png,0,TG015,5,,TG004,,,TG008,,,
62,千糖森林02,2,Level3_T_Scene.png,3,Theme_M_03,T01;T02;T03;T04;T05;,610,1,M00101;M00125;M00128;,10,15115,Off_InscriptionPices_Box_02_01,10000,Main_EvolvePices_Box_03,10000,0,0,,12,61,0,0,7800,3,3,,0,0,Candy Forest,Image_Level3.png,0,TG015,5,,TG004,,,TG008,,,
63,千糖森林03,1,Level3_T_Scene.png,3,Theme_M_03,T01;T02;T03;T04;T05;,550,1,M00101;M00125;M00128;,10,15289,Main_InscriptionPices_Box_01_01,10000,0,0,0,0,,6,62,0,0,3900,4,3,,0,0,Candy Forest,Image_Level3.png,0,TG015,5,,TG004,,,TG008,,,
64,千糖森林04,1,Level3_T_Scene.png,3,Theme_M_03,T01;T02;T03;T04;T05;,590,1,M00101;M00125;M00128;,10,15550,Off_InscriptionPices_Box_01_01,10000,0,0,0,0,,6,63,0,0,4000,4,3,,0,0,Candy Forest,Image_Level3.png,0,TG015,5,,TG004,,,TG008,,,
65,千糖森林05,2,Level3_T_Scene.png,3,Theme_M_03,T01;T02;T03;T04;T05;,1500,1,M00101;M00125;M00128;,300,15724,Main_InscriptionPices_Box_02_01,10000,Off_EvolvePices_Box_03,10000,0,0,,12,64,4,0,8100,3,3,,0,0,Candy Forest,Image_Level3.png,0,TG002,5,,TG001,4,,TG001,3,,
66,千糖森林06,1,Level3_T_Scene.png,3,Theme_M_03,T01;T02;T03;T04;T05;,830,1,M00101;M00125;M00128;,10,16516,Head_InscriptionPices_Box_01_01,10000,0,0,0,0,,6,65,0,0,4100,4,3,,0,0,Candy Forest,Image_Level3.png,0,TG015,5,,TG004,,,TG008,,,
67,千糖森林07,1,Level3_T_Scene.png,3,Theme_M_03,T01;T02;T03;T04;T05;,840,1,M00101;M00125;M00128;,10,16786,Sepecial_InscriptionPices_Box_01_01,10000,0,0,0,0,,6,66,0,0,4200,4,3,,0,0,Candy Forest,Image_Level3.png,0,TG015,5,,TG004,,,TG008,,,
68,千糖森林08,2,Level3_T_Scene.png,3,Theme_M_03,T01;T02;T03;T04;T05;,860,1,M00101;M00125;M00128;,10,16965,Off_InscriptionPices_Box_02_01,10000,Head_EvolvePices_Box_03,10000,0,0,,12,67,0,0,8500,3,3,,0,0,Candy Forest,Image_Level3.png,0,TG015,5,,TG004,,,TG008,,,
69,千糖森林09,1,Level3_T_Scene.png,3,Theme_M_03,T01;T02;T03;T04;T05;,750,1,M00101;M00125;M00128;,10,17235,Comon_InscriptionPices_Box_01_01,10000,0,0,0,0,,6,68,0,0,4300,4,3,,0,0,Candy Forest,Image_Level3.png,0,TG015,5,,TG004,,,TG008,,,
70,千糖森林10,3,Level3_T_Scene.png,3,Theme_M_03,T01;T02;T03;T04;T05;,790,1,M00101;M00125;M00128;,10,17975,Head_InscriptionPices_Box_02_01,10000,Main_EvolvePices_Box_03,10000,0,0,,20,69,0,0,14600,2,3,,0,0,Candy Forest,Image_Level3.png,0,TG015,5,,TG004,,,TG008,,,
71,千糖森林11,1,Level3_T_Scene.png,3,Theme_M_03,T01;T02;T03;T04;T05;,750,1,M00101;M00125;M00128;,10,18253,Comon_InscriptionPices_Box_01_01,10000,0,0,0,0,,6,70,5,0,4400,4,3,,0,0,Candy Forest,Image_Level3.png,0,TG002,,,TG005,3,,TG013,T04,,
72,千糖森林12,2,Level3_T_Scene.png,3,Theme_M_03,T01;T02;T03;T04;T05;,740,1,M00101;M00125;M00128;,10,18531,Main_InscriptionPices_Box_02_01,10000,Off_EvolvePices_Box_03,10000,0,0,,12,71,0,0,9000,3,3,,0,0,Candy Forest,Image_Level3.png,0,TG015,5,,TG004,,,TG008,,,
73,千糖森林13,1,Level3_T_Scene.png,3,Theme_M_03,T01;T02;T03;T04;T05;,750,1,M00101;M00125;M00128;,10,19301,Main_InscriptionPices_Box_01_01,10000,0,0,0,0,,6,72,0,0,4500,4,3,,0,0,Candy Forest,Image_Level3.png,0,TG015,5,,TG004,,,TG008,,,
74,千糖森林14,1,Level3_T_Scene.png,3,Theme_M_03,T01;T02;T03;T04;T05;,820,1,M00101;M00125;M00128;,10,19587,Off_InscriptionPices_Box_01_01,10000,0,0,0,0,,6,73,0,0,4600,4,3,,0,0,Candy Forest,Image_Level3.png,0,TG015,5,,TG004,,,TG008,,,
75,千糖森林15,2,Level3_T_Scene.png,3,Theme_M_03,T01;T02;T03;T04;T05;,1500,1,M00101;M00125;M00128;,300,19779,Off_InscriptionPices_Box_02_01,10000,Head_EvolvePices_Box_03,10000,0,0,,12,74,4,0,9300,3,3,,0,0,Candy Forest,Image_Level3.png,0,TG001,5,,TG001,4,,TG001,3,,
76,千糖森林16,1,Level3_T_Scene.png,3,Theme_M_03,T01;T02;T03;T04;T05;,800,1,M00101;M00125;M00128;,10,20673,Head_InscriptionPices_Box_01_01,10000,0,0,0,0,,6,75,0,0,4700,4,3,,0,0,Candy Forest,Image_Level3.png,0,TG015,5,,TG004,,,TG008,,,
77,千糖森林17,1,Level3_T_Scene.png,3,Theme_M_03,T01;T02;T03;T04;T05;,730,1,M00101;M00125;M00128;,10,20968,Sepecial_InscriptionPices_Box_01_01,10000,0,0,0,0,,6,76,0,0,4800,4,3,,0,0,Candy Forest,Image_Level3.png,0,TG015,5,,TG004,,,TG008,,,
78,千糖森林18,2,Level3_T_Scene.png,3,Theme_M_03,T01;T02;T03;T04;T05;,800,1,M00101;M00125;M00128;,10,21165,Main_InscriptionPices_Box_02_01,10000,Main_EvolvePices_Box_03,10000,0,0,,12,77,0,0,9700,3,3,,0,0,Candy Forest,Image_Level3.png,0,TG015,5,,TG004,,,TG008,,,
79,千糖森林19,1,Level3_T_Scene.png,3,Theme_M_03,T01;T02;T03;T04;T05;,830,1,M00101;M00125;M00128;,10,21461,Comon_InscriptionPices_Box_01_01,10000,0,0,0,0,,6,78,0,0,4900,4,3,,0,0,Candy Forest,Image_Level3.png,0,TG015,5,,TG004,,,TG008,,,
80,千糖森林20,3,Level3_T_Scene.png,3,Theme_M_03,T01;T02;T03;T04;T05;,770,1,M00101;M00125;M00128;,10,21658,Head_InscriptionPices_Box_02_01,10000,Off_EvolvePices_Box_03,10000,0,0,,20,79,0,0,16600,2,3,,0,0,Candy Forest,Image_Level3.png,0,TG015,5,,TG004,,,TG008,,,
81,千糖森林21,1,Level3_T_Scene.png,3,Theme_M_03,T01;T02;T03;T04;T05;,790,1,M00101;M00125;M00128;,10,22598,Comon_InscriptionPices_Box_01_01,10000,0,0,0,0,,6,80,5,0,5000,4,3,,0,0,Candy Forest,Image_Level3.png,0,TG002,,,TG005,3,,TG013,T03,,
82,千糖森林22,2,Level3_T_Scene.png,3,Theme_M_03,T01;T02;T03;T04;T05;,700,1,M00101;M00125;M00128;,10,22902,Off_InscriptionPices_Box_02_01,10000,Head_EvolvePices_Box_03,10000,0,0,,12,81,0,0,10200,3,3,,0,0,Candy Forest,Image_Level3.png,0,TG015,5,,TG004,,,TG008,,,
83,千糖森林23,1,Level3_T_Scene.png,3,Theme_M_03,T01;T02;T03;T04;T05;,710,1,M00101;M00125;M00128;,10,23764,Main_InscriptionPices_Box_01_01,10000,0,0,0,0,,6,82,0,0,5100,4,3,,0,0,Candy Forest,Image_Level3.png,0,TG015,5,,TG004,,,TG008,,,
84,千糖森林24,1,Level3_T_Scene.png,3,Theme_M_03,T01;T02;T03;T04;T05;,760,1,M00101;M00125;M00128;,10,24077,Off_InscriptionPices_Box_01_01,10000,0,0,0,0,,6,83,0,0,5200,4,3,,0,0,Candy Forest,Image_Level3.png,0,TG015,5,,TG004,,,TG008,,,
85,千糖森林25,3,Level3_T_Scene.png,3,Theme_M_03,T01;T02;T03;T04;T05;,1500,1,M00101;M00125;M00128;,300,24286,Head_InscriptionPices_Box_02_01,10000,Main_EvolvePices_Box_03,10000,0,0,,12,84,4,0,17600,2,3,,0,0,Candy Forest,Image_Level3.png,0,TG001,5,,TG001,4,,TG001,3,,
86,千糖森林26,1,Level3_T_Scene.png,3,Theme_M_03,T01;T02;T03;T04;T05;,810,1,M00101;M00125;M00128;,10,25281,Head_InscriptionPices_Box_01_01,10000,0,0,0,0,,6,85,0,0,5300,4,3,,0,0,Candy Forest,Image_Level3.png,0,TG015,5,,TG004,,,TG008,,,
87,千糖森林27,1,Level3_T_Scene.png,3,Theme_M_03,T01;T02;T03;T04;T05;,810,1,M00101;M00125;M00128;,10,25603,Sepecial_InscriptionPices_Box_01_01,10000,0,0,0,0,,6,86,0,0,5400,4,3,,0,0,Candy Forest,Image_Level3.png,0,TG015,5,,TG004,,,TG008,,,
88,千糖森林28,2,Level3_T_Scene.png,3,Theme_M_03,T01;T02;T03;T04;T05;,790,1,M00101;M00125;M00128;,10,25817,Main_InscriptionPices_Box_02_01,10000,Off_EvolvePices_Box_03,10000,0,0,,12,87,0,0,10900,3,3,,0,0,Candy Forest,Image_Level3.png,0,TG015,5,,TG004,,,TG008,,,
89,千糖森林29,1,Level3_T_Scene.png,3,Theme_M_03,T01;T02;T03;T04;T05;,850,1,M00101;M00125;M00128;,10,26845,Comon_InscriptionPices_Box_01_01,10000,0,0,0,0,,6,88,0,0,5500,4,3,,0,0,Candy Forest,Image_Level3.png,0,TG015,5,,TG004,,,TG008,,,
90,千糖森林30,3,Level3_T_Scene.png,3,Theme_M_03,T01;T02;T03;T04;T05;,710,1,M00101;M00125;M00128;,10,27777,Head_InscriptionPices_Box_02_01,10000,Head_EvolvePices_Box_03,10000,0,0,,20,89,5,0,18600,2,3,,0,0,Candy Forest,Image_Level3.png,1,TG002,,,TG005,3,,TG013,T02,,
91,冰激凌雪山01,1,Level4_T_Scene.png,4,Theme_M_04,T01;T02;T03;T04;T05;,10000,1,M00101;M00125;M00128;,1000,,,,,,,,,6,0,0,0,2040,100,3,,0,0,Ice-cream Mountain,,,,,,,,,,,,
92,冰激凌雪山02,2,Level4_T_Scene.png,4,Theme_M_04,T01;T02;T03;T04;T05;,10000,1,M00101;M00125;M00128;,1000,,,,,,,,,12,0,0,0,6800,100,3,,0,0,Ice-cream Mountain,,,,,,,,,,,,
93,冰激凌雪山03,1,Level4_T_Scene.png,4,Theme_M_04,T01;T02;T03;T04;T05;,10000,1,M00101;M00125;M00128;,1000,,,,,,,,,6,0,0,0,2040,100,3,,0,0,Ice-cream Mountain,,,,,,,,,,,,
94,冰激凌雪山04,1,Level4_T_Scene.png,4,Theme_M_04,T01;T02;T03;T04;T05;,10000,1,M00101;M00125;M00128;,1000,,,,,,,,,6,0,0,0,2040,100,3,,0,0,Ice-cream Mountain,,,,,,,,,,,,
95,冰激凌雪山05,2,Level4_T_Scene.png,4,Theme_M_04,T01;T02;T03;T04;T05;,10000,1,M00101;M00125;M00128;,1000,,,,,,,,,12,0,0,0,4080,100,3,,0,0,Ice-cream Mountain,,,,,,,,,,,,
96,冰激凌雪山06,1,Level4_T_Scene.png,4,Theme_M_04,T01;T02;T03;T04;T05;,10000,1,M00101;M00125;M00128;,1000,,,,,,,,,6,0,0,0,2040,100,3,,0,0,Ice-cream Mountain,,,,,,,,,,,,
97,冰激凌雪山07,1,Level4_T_Scene.png,4,Theme_M_04,T01;T02;T03;T04;T05;,10000,1,M00101;M00125;M00128;,1000,,,,,,,,,6,0,0,0,2040,100,3,,0,0,Ice-cream Mountain,,,,,,,,,,,,
98,冰激凌雪山08,2,Level4_T_Scene.png,4,Theme_M_04,T01;T02;T03;T04;T05;,10000,1,M00101;M00125;M00128;,1000,,,,,,,,,12,0,0,0,4080,100,3,,0,0,Ice-cream Mountain,,,,,,,,,,,,
99,冰激凌雪山09,1,Level4_T_Scene.png,4,Theme_M_04,T01;T02;T03;T04;T05;,10000,1,M00101;M00125;M00128;,1000,,,,,,,,,6,0,0,0,2040,100,3,,0,0,Ice-cream Mountain,,,,,,,,,,,,
100,冰激凌雪山10,3,Level4_T_Scene.png,4,Theme_M_04,T01;T02;T03;T04;T05;,10000,1,M00101;M00125;M00128;,1000,,,,,,,,,20,0,0,0,6800,100,3,,0,0,Ice-cream Mountain,,,,,,,,,,,,
101,冰激凌雪山11,1,Level4_T_Scene.png,4,Theme_M_04,T01;T02;T03;T04;T05;,10000,1,M00101;M00125;M00128;,1000,,,,,,,,,6,0,0,0,2220,100,3,,0,0,Ice-cream Mountain,,,,,,,,,,,,
102,冰激凌雪山12,2,Level4_T_Scene.png,4,Theme_M_04,T01;T02;T03;T04;T05;,10000,1,M00101;M00125;M00128;,1000,,,,,,,,,12,0,0,0,4440,100,3,,0,0,Ice-cream Mountain,,,,,,,,,,,,
103,冰激凌雪山13,1,Level4_T_Scene.png,4,Theme_M_04,T01;T02;T03;T04;T05;,10000,1,M00101;M00125;M00128;,1000,,,,,,,,,6,0,0,0,2220,100,3,,0,0,Ice-cream Mountain,,,,,,,,,,,,
104,冰激凌雪山14,1,Level4_T_Scene.png,4,Theme_M_04,T01;T02;T03;T04;T05;,10000,1,M00101;M00125;M00128;,1000,,,,,,,,,6,0,0,0,2220,100,3,,0,0,Ice-cream Mountain,,,,,,,,,,,,
105,冰激凌雪山15,2,Level4_T_Scene.png,4,Theme_M_04,T01;T02;T03;T04;T05;,10000,1,M00101;M00125;M00128;,1000,,,,,,,,,12,0,0,0,4440,100,3,,0,0,Ice-cream Mountain,,,,,,,,,,,,
106,冰激凌雪山16,1,Level4_T_Scene.png,4,Theme_M_04,T01;T02;T03;T04;T05;,10000,1,M00101;M00125;M00128;,1000,,,,,,,,,6,0,0,0,2220,100,3,,0,0,Ice-cream Mountain,,,,,,,,,,,,
107,冰激凌雪山17,1,Level4_T_Scene.png,4,Theme_M_04,T01;T02;T03;T04;T05;,10000,1,M00101;M00125;M00128;,1000,,,,,,,,,6,0,0,0,2220,100,3,,0,0,Ice-cream Mountain,,,,,,,,,,,,
108,冰激凌雪山18,2,Level4_T_Scene.png,4,Theme_M_04,T01;T02;T03;T04;T05;,10000,1,M00101;M00125;M00128;,1000,,,,,,,,,12,0,0,0,4440,100,3,,0,0,Ice-cream Mountain,,,,,,,,,,,,
109,冰激凌雪山19,1,Level4_T_Scene.png,4,Theme_M_04,T01;T02;T03;T04;T05;,10000,1,M00101;M00125;M00128;,1000,,,,,,,,,6,0,0,0,2220,100,3,,0,0,Ice-cream Mountain,,,,,,,,,,,,
110,冰激凌雪山20,3,Level4_T_Scene.png,4,Theme_M_04,T01;T02;T03;T04;T05;,10000,1,M00101;M00125;M00128;,1000,,,,,,,,,20,0,0,0,7400,100,3,,0,0,Ice-cream Mountain,,,,,,,,,,,,
111,冰激凌雪山21,1,Level4_T_Scene.png,4,Theme_M_04,T01;T02;T03;T04;T05;,10000,1,M00101;M00125;M00128;,1000,,,,,,,,,6,0,0,0,2400,100,3,,0,0,Ice-cream Mountain,,,,,,,,,,,,
112,冰激凌雪山22,2,Level4_T_Scene.png,4,Theme_M_04,T01;T02;T03;T04;T05;,10000,1,M00101;M00125;M00128;,1000,,,,,,,,,12,0,0,0,4800,100,3,,0,0,Ice-cream Mountain,,,,,,,,,,,,
113,冰激凌雪山23,1,Level4_T_Scene.png,4,Theme_M_04,T01;T02;T03;T04;T05;,10000,1,M00101;M00125;M00128;,1000,,,,,,,,,6,0,0,0,2400,100,3,,0,0,Ice-cream Mountain,,,,,,,,,,,,
114,冰激凌雪山24,1,Level4_T_Scene.png,4,Theme_M_04,T01;T02;T03;T04;T05;,10000,1,M00101;M00125;M00128;,1000,,,,,,,,,6,0,0,0,2400,100,3,,0,0,Ice-cream Mountain,,,,,,,,,,,,
115,冰激凌雪山25,3,Level4_T_Scene.png,4,Theme_M_04,T01;T02;T03;T04;T05;,10000,1,M00101;M00125;M00128;,1000,,,,,,,,,12,0,0,0,4800,100,3,,0,0,Ice-cream Mountain,,,,,,,,,,,,
116,冰激凌雪山26,1,Level4_T_Scene.png,4,Theme_M_04,T01;T02;T03;T04;T05;,10000,1,M00101;M00125;M00128;,1000,,,,,,,,,6,0,0,0,2400,100,3,,0,0,Ice-cream Mountain,,,,,,,,,,,,
117,冰激凌雪山27,1,Level4_T_Scene.png,4,Theme_M_04,T01;T02;T03;T04;T05;,10000,1,M00101;M00125;M00128;,1000,,,,,,,,,6,0,0,0,2400,100,3,,0,0,Ice-cream Mountain,,,,,,,,,,,,
118,冰激凌雪山28,2,Level4_T_Scene.png,4,Theme_M_04,T01;T02;T03;T04;T05;,10000,1,M00101;M00125;M00128;,1000,,,,,,,,,12,0,0,0,4800,100,3,,0,0,Ice-cream Mountain,,,,,,,,,,,,
119,冰激凌雪山29,1,Level4_T_Scene.png,4,Theme_M_04,T01;T02;T03;T04;T05;,10000,1,M00101;M00125;M00128;,1000,,,,,,,,,6,0,0,0,2400,100,3,,0,0,Ice-cream Mountain,,,,,,,,,,,,
120,冰激凌雪山30,3,Level4_T_Scene.png,4,Theme_M_04,T01;T02;T03;T04;T05;,10000,1,M00101;M00125;M00128;,1000,,,,,,,,,20,0,0,0,8000,100,3,,0,0,Ice-cream Mountain,,,,,,,,,,,,
121,汽水海洋01,1,Level5_T_Scene.png,5,Theme_M_05,T01;T02;T03;T04;T05;,10000,1,M00101;M00125;M00128;,1000,,,,,,,,,6,0,0,0,2040,100,3,,0,0,Soda Ocean,,,,,,,,,,,,
122,汽水海洋02,2,Level5_T_Scene.png,5,Theme_M_05,T01;T02;T03;T04;T05;,10000,1,M00101;M00125;M00128;,1000,,,,,,,,,12,0,0,0,6800,100,3,,0,0,Soda Ocean,,,,,,,,,,,,
123,汽水海洋03,1,Level5_T_Scene.png,5,Theme_M_05,T01;T02;T03;T04;T05;,10000,1,M00101;M00125;M00128;,1000,,,,,,,,,6,0,0,0,2040,100,3,,0,0,Soda Ocean,,,,,,,,,,,,
124,汽水海洋04,1,Level5_T_Scene.png,5,Theme_M_05,T01;T02;T03;T04;T05;,10000,1,M00101;M00125;M00128;,1000,,,,,,,,,6,0,0,0,2040,100,3,,0,0,Soda Ocean,,,,,,,,,,,,
125,汽水海洋05,2,Level5_T_Scene.png,5,Theme_M_05,T01;T02;T03;T04;T05;,10000,1,M00101;M00125;M00128;,1000,,,,,,,,,12,0,0,0,4080,100,3,,0,0,Soda Ocean,,,,,,,,,,,,
126,汽水海洋06,1,Level5_T_Scene.png,5,Theme_M_05,T01;T02;T03;T04;T05;,10000,1,M00101;M00125;M00128;,1000,,,,,,,,,6,0,0,0,2040,100,3,,0,0,Soda Ocean,,,,,,,,,,,,
127,汽水海洋07,1,Level5_T_Scene.png,5,Theme_M_05,T01;T02;T03;T04;T05;,10000,1,M00101;M00125;M00128;,1000,,,,,,,,,6,0,0,0,2040,100,3,,0,0,Soda Ocean,,,,,,,,,,,,
128,汽水海洋08,2,Level5_T_Scene.png,5,Theme_M_05,T01;T02;T03;T04;T05;,10000,1,M00101;M00125;M00128;,1000,,,,,,,,,12,0,0,0,4080,100,3,,0,0,Soda Ocean,,,,,,,,,,,,
129,汽水海洋09,1,Level5_T_Scene.png,5,Theme_M_05,T01;T02;T03;T04;T05;,10000,1,M00101;M00125;M00128;,1000,,,,,,,,,6,0,0,0,2040,100,3,,0,0,Soda Ocean,,,,,,,,,,,,
130,汽水海洋10,3,Level5_T_Scene.png,5,Theme_M_05,T01;T02;T03;T04;T05;,10000,1,M00101;M00125;M00128;,1000,,,,,,,,,20,0,0,0,6800,100,3,,0,0,Soda Ocean,,,,,,,,,,,,
131,汽水海洋11,1,Level5_T_Scene.png,5,Theme_M_05,T01;T02;T03;T04;T05;,10000,1,M00101;M00125;M00128;,1000,,,,,,,,,6,0,0,0,2220,100,3,,0,0,Soda Ocean,,,,,,,,,,,,
132,汽水海洋12,2,Level5_T_Scene.png,5,Theme_M_05,T01;T02;T03;T04;T05;,10000,1,M00101;M00125;M00128;,1000,,,,,,,,,12,0,0,0,4440,100,3,,0,0,Soda Ocean,,,,,,,,,,,,
133,汽水海洋13,1,Level5_T_Scene.png,5,Theme_M_05,T01;T02;T03;T04;T05;,10000,1,M00101;M00125;M00128;,1000,,,,,,,,,6,0,0,0,2220,100,3,,0,0,Soda Ocean,,,,,,,,,,,,
134,汽水海洋14,1,Level5_T_Scene.png,5,Theme_M_05,T01;T02;T03;T04;T05;,10000,1,M00101;M00125;M00128;,1000,,,,,,,,,6,0,0,0,2220,100,3,,0,0,Soda Ocean,,,,,,,,,,,,
135,汽水海洋15,2,Level5_T_Scene.png,5,Theme_M_05,T01;T02;T03;T04;T05;,10000,1,M00101;M00125;M00128;,1000,,,,,,,,,12,0,0,0,4440,100,3,,0,0,Soda Ocean,,,,,,,,,,,,
136,汽水海洋16,1,Level5_T_Scene.png,5,Theme_M_05,T01;T02;T03;T04;T05;,10000,1,M00101;M00125;M00128;,1000,,,,,,,,,6,0,0,0,2220,100,3,,0,0,Soda Ocean,,,,,,,,,,,,
137,汽水海洋17,1,Level5_T_Scene.png,5,Theme_M_05,T01;T02;T03;T04;T05;,10000,1,M00101;M00125;M00128;,1000,,,,,,,,,6,0,0,0,2220,100,3,,0,0,Soda Ocean,,,,,,,,,,,,
138,汽水海洋18,2,Level5_T_Scene.png,5,Theme_M_05,T01;T02;T03;T04;T05;,10000,1,M00101;M00125;M00128;,1000,,,,,,,,,12,0,0,0,4440,100,3,,0,0,Soda Ocean,,,,,,,,,,,,
139,汽水海洋19,1,Level5_T_Scene.png,5,Theme_M_05,T01;T02;T03;T04;T05;,10000,1,M00101;M00125;M00128;,1000,,,,,,,,,6,0,0,0,2220,100,3,,0,0,Soda Ocean,,,,,,,,,,,,
140,汽水海洋20,3,Level5_T_Scene.png,5,Theme_M_05,T01;T02;T03;T04;T05;,10000,1,M00101;M00125;M00128;,1000,,,,,,,,,20,0,0,0,7400,100,3,,0,0,Soda Ocean,,,,,,,,,,,,
141,汽水海洋21,1,Level5_T_Scene.png,5,Theme_M_05,T01;T02;T03;T04;T05;,10000,1,M00101;M00125;M00128;,1000,,,,,,,,,6,0,0,0,2400,100,3,,0,0,Soda Ocean,,,,,,,,,,,,
142,汽水海洋22,2,Level5_T_Scene.png,5,Theme_M_05,T01;T02;T03;T04;T05;,10000,1,M00101;M00125;M00128;,1000,,,,,,,,,12,0,0,0,4800,100,3,,0,0,Soda Ocean,,,,,,,,,,,,
143,汽水海洋23,1,Level5_T_Scene.png,5,Theme_M_05,T01;T02;T03;T04;T05;,10000,1,M00101;M00125;M00128;,1000,,,,,,,,,6,0,0,0,2400,100,3,,0,0,Soda Ocean,,,,,,,,,,,,
144,汽水海洋24,1,Level5_T_Scene.png,5,Theme_M_05,T01;T02;T03;T04;T05;,10000,1,M00101;M00125;M00128;,1000,,,,,,,,,6,0,0,0,2400,100,3,,0,0,Soda Ocean,,,,,,,,,,,,
145,汽水海洋25,3,Level5_T_Scene.png,5,Theme_M_05,T01;T02;T03;T04;T05;,10000,1,M00101;M00125;M00128;,1000,,,,,,,,,12,0,0,0,4800,100,3,,0,0,Soda Ocean,,,,,,,,,,,,
146,汽水海洋26,1,Level5_T_Scene.png,5,Theme_M_05,T01;T02;T03;T04;T05;,10000,1,M00101;M00125;M00128;,1000,,,,,,,,,6,0,0,0,2400,100,3,,0,0,Soda Ocean,,,,,,,,,,,,
147,汽水海洋27,1,Level5_T_Scene.png,5,Theme_M_05,T01;T02;T03;T04;T05;,10000,1,M00101;M00125;M00128;,1000,,,,,,,,,6,0,0,0,2400,100,3,,0,0,Soda Ocean,,,,,,,,,,,,
148,汽水海洋28,2,Level5_T_Scene.png,5,Theme_M_05,T01;T02;T03;T04;T05;,10000,1,M00101;M00125;M00128;,1000,,,,,,,,,12,0,0,0,4800,100,3,,0,0,Soda Ocean,,,,,,,,,,,,
149,汽水海洋29,1,Level5_T_Scene.png,5,Theme_M_05,T01;T02;T03;T04;T05;,10000,1,M00101;M00125;M00128;,1000,,,,,,,,,6,0,0,0,2400,100,3,,0,0,Soda Ocean,,,,,,,,,,,,
150,汽水海洋30,3,Level5_T_Scene.png,5,Theme_M_05,T01;T02;T03;T04;T05;,10000,1,M00101;M00125;M00128;,1000,,,,,,,,,20,0,0,0,8000,100,3,,0,0,Soda Ocean,,,,,,,,,,,,
151,巧克力火山01,1,Level6_T_Scene.png,6,Theme_M_06,T01;T02;T03;T04;T05;,10000,1,M00101;M00125;M00128;,1000,,,,,,,,,6,0,0,0,2040,100,3,,0,0,Chocolate Volcano,,,,,,,,,,,,
152,巧克力火山02,2,Level6_T_Scene.png,6,Theme_M_06,T01;T02;T03;T04;T05;,10000,1,M00101;M00125;M00128;,1000,,,,,,,,,12,0,0,0,6800,100,3,,0,0,Chocolate Volcano,,,,,,,,,,,,
153,巧克力火山03,1,Level6_T_Scene.png,6,Theme_M_06,T01;T02;T03;T04;T05;,10000,1,M00101;M00125;M00128;,1000,,,,,,,,,6,0,0,0,2040,100,3,,0,0,Chocolate Volcano,,,,,,,,,,,,
154,巧克力火山04,1,Level6_T_Scene.png,6,Theme_M_06,T01;T02;T03;T04;T05;,10000,1,M00101;M00125;M00128;,1000,,,,,,,,,6,0,0,0,2040,100,3,,0,0,Chocolate Volcano,,,,,,,,,,,,
155,巧克力火山05,2,Level6_T_Scene.png,6,Theme_M_06,T01;T02;T03;T04;T05;,10000,1,M00101;M00125;M00128;,1000,,,,,,,,,12,0,0,0,4080,100,3,,0,0,Chocolate Volcano,,,,,,,,,,,,
156,巧克力火山06,1,Level6_T_Scene.png,6,Theme_M_06,T01;T02;T03;T04;T05;,10000,1,M00101;M00125;M00128;,1000,,,,,,,,,6,0,0,0,2040,100,3,,0,0,Chocolate Volcano,,,,,,,,,,,,
157,巧克力火山07,1,Level6_T_Scene.png,6,Theme_M_06,T01;T02;T03;T04;T05;,10000,1,M00101;M00125;M00128;,1000,,,,,,,,,6,0,0,0,2040,100,3,,0,0,Chocolate Volcano,,,,,,,,,,,,
158,巧克力火山08,2,Level6_T_Scene.png,6,Theme_M_06,T01;T02;T03;T04;T05;,10000,1,M00101;M00125;M00128;,1000,,,,,,,,,12,0,0,0,4080,100,3,,0,0,Chocolate Volcano,,,,,,,,,,,,
159,巧克力火山09,1,Level6_T_Scene.png,6,Theme_M_06,T01;T02;T03;T04;T05;,10000,1,M00101;M00125;M00128;,1000,,,,,,,,,6,0,0,0,2040,100,3,,0,0,Chocolate Volcano,,,,,,,,,,,,
160,巧克力火山10,3,Level6_T_Scene.png,6,Theme_M_06,T01;T02;T03;T04;T05;,10000,1,M00101;M00125;M00128;,1000,,,,,,,,,20,0,0,0,6800,100,3,,0,0,Chocolate Volcano,,,,,,,,,,,,
161,巧克力火山11,1,Level6_T_Scene.png,6,Theme_M_06,T01;T02;T03;T04;T05;,10000,1,M00101;M00125;M00128;,1000,,,,,,,,,6,0,0,0,2220,100,3,,0,0,Chocolate Volcano,,,,,,,,,,,,
162,巧克力火山12,2,Level6_T_Scene.png,6,Theme_M_06,T01;T02;T03;T04;T05;,10000,1,M00101;M00125;M00128;,1000,,,,,,,,,12,0,0,0,4440,100,3,,0,0,Chocolate Volcano,,,,,,,,,,,,
163,巧克力火山13,1,Level6_T_Scene.png,6,Theme_M_06,T01;T02;T03;T04;T05;,10000,1,M00101;M00125;M00128;,1000,,,,,,,,,6,0,0,0,2220,100,3,,0,0,Chocolate Volcano,,,,,,,,,,,,
164,巧克力火山14,1,Level6_T_Scene.png,6,Theme_M_06,T01;T02;T03;T04;T05;,10000,1,M00101;M00125;M00128;,1000,,,,,,,,,6,0,0,0,2220,100,3,,0,0,Chocolate Volcano,,,,,,,,,,,,
165,巧克力火山15,2,Level6_T_Scene.png,6,Theme_M_06,T01;T02;T03;T04;T05;,10000,1,M00101;M00125;M00128;,1000,,,,,,,,,12,0,0,0,4440,100,3,,0,0,Chocolate Volcano,,,,,,,,,,,,
166,巧克力火山16,1,Level6_T_Scene.png,6,Theme_M_06,T01;T02;T03;T04;T05;,10000,1,M00101;M00125;M00128;,1000,,,,,,,,,6,0,0,0,2220,100,3,,0,0,Chocolate Volcano,,,,,,,,,,,,
167,巧克力火山17,1,Level6_T_Scene.png,6,Theme_M_06,T01;T02;T03;T04;T05;,10000,1,M00101;M00125;M00128;,1000,,,,,,,,,6,0,0,0,2220,100,3,,0,0,Chocolate Volcano,,,,,,,,,,,,
168,巧克力火山18,2,Level6_T_Scene.png,6,Theme_M_06,T01;T02;T03;T04;T05;,10000,1,M00101;M00125;M00128;,1000,,,,,,,,,12,0,0,0,4440,100,3,,0,0,Chocolate Volcano,,,,,,,,,,,,
169,巧克力火山19,1,Level6_T_Scene.png,6,Theme_M_06,T01;T02;T03;T04;T05;,10000,1,M00101;M00125;M00128;,1000,,,,,,,,,6,0,0,0,2220,100,3,,0,0,Chocolate Volcano,,,,,,,,,,,,
170,巧克力火山20,3,Level6_T_Scene.png,6,Theme_M_06,T01;T02;T03;T04;T05;,10000,1,M00101;M00125;M00128;,1000,,,,,,,,,20,0,0,0,7400,100,3,,0,0,Chocolate Volcano,,,,,,,,,,,,
171,巧克力火山21,1,Level6_T_Scene.png,6,Theme_M_06,T01;T02;T03;T04;T05;,10000,1,M00101;M00125;M00128;,1000,,,,,,,,,6,0,0,0,2400,100,3,,0,0,Chocolate Volcano,,,,,,,,,,,,
172,巧克力火山22,2,Level6_T_Scene.png,6,Theme_M_06,T01;T02;T03;T04;T05;,10000,1,M00101;M00125;M00128;,1000,,,,,,,,,12,0,0,0,4800,100,3,,0,0,Chocolate Volcano,,,,,,,,,,,,
173,巧克力火山23,1,Level6_T_Scene.png,6,Theme_M_06,T01;T02;T03;T04;T05;,10000,1,M00101;M00125;M00128;,1000,,,,,,,,,6,0,0,0,2400,100,3,,0,0,Chocolate Volcano,,,,,,,,,,,,
174,巧克力火山24,1,Level6_T_Scene.png,6,Theme_M_06,T01;T02;T03;T04;T05;,10000,1,M00101;M00125;M00128;,1000,,,,,,,,,6,0,0,0,2400,100,3,,0,0,Chocolate Volcano,,,,,,,,,,,,
175,巧克力火山25,3,Level6_T_Scene.png,6,Theme_M_06,T01;T02;T03;T04;T05;,10000,1,M00101;M00125;M00128;,1000,,,,,,,,,12,0,0,0,4800,100,3,,0,0,Chocolate Volcano,,,,,,,,,,,,
176,巧克力火山26,1,Level6_T_Scene.png,6,Theme_M_06,T01;T02;T03;T04;T05;,10000,1,M00101;M00125;M00128;,1000,,,,,,,,,6,0,0,0,2400,100,3,,0,0,Chocolate Volcano,,,,,,,,,,,,
177,巧克力火山27,1,Level6_T_Scene.png,6,Theme_M_06,T01;T02;T03;T04;T05;,10000,1,M00101;M00125;M00128;,1000,,,,,,,,,6,0,0,0,2400,100,3,,0,0,Chocolate Volcano,,,,,,,,,,,,
178,巧克力火山28,2,Level6_T_Scene.png,6,Theme_M_06,T01;T02;T03;T04;T05;,10000,1,M00101;M00125;M00128;,1000,,,,,,,,,12,0,0,0,4800,100,3,,0,0,Chocolate Volcano,,,,,,,,,,,,
179,巧克力火山29,1,Level6_T_Scene.png,6,Theme_M_06,T01;T02;T03;T04;T05;,10000,1,M00101;M00125;M00128;,1000,,,,,,,,,6,0,0,0,2400,100,3,,0,0,Chocolate Volcano,,,,,,,,,,,,
180,巧克力火山30,3,Level6_T_Scene.png,6,Theme_M_06,T01;T02;T03;T04;T05;,10000,1,M00101;M00125;M00128;,1000,,,,,,,,,20,0,0,0,8000,100,3,,0,0,Chocolate Volcano,,,,,,,,,,,,
10001,无尽模式01,1,Level1_T_Scene.png,1,InfiniteMode_BGM,T01;T02;T03;T04;T05;,2000,1,M00101;M00125;M00128;,300,,,,,,,,,0,0,2,0,0,100,3,,0,0,,,,,,,,,,,,,
10002,无尽模式02,1,Level2_T_Scene.png,1,InfiniteMode_BGM,T01;T02;T03;T04;T05;,2000,1,M00101;M00125;M00128;,300,,,,,,,,,0,0,2,0,0,100,3,,0,0,,,,,,,,,,,,,
10003,无尽模式03,1,Level3_T_Scene.png,1,InfiniteMode_BGM,T01;T02;T03;T04;T05;,2000,1,M00101;M00125;M00128;,300,,,,,,,,,0,0,2,0,0,100,3,,0,0,,,,,,,,,,,,,
10004,无尽模式04,1,Level2_T_Scene.png,1,InfiniteMode_BGM,T01;T02;T03;T04;T05;,2000,1,M00101;M00125;M00128;,10,,,,,,,,,0,0,2,0,0,100,3,,0,0,,,,,,,,,,,,,
10005,无尽模式05,1,Level2_T_Scene.png,1,InfiniteMode_BGM,T01;T02;T03;T04;T05;,2000,1,M00101;M00125;M00128;,10,,,,,,,,,0,0,2,0,0,100,3,,0,0,,,,,,,,,,,,,
10006,无尽模式06,1,Level2_T_Scene.png,1,InfiniteMode_BGM,T01;T02;T03;T04;T05;,2000,1,M00101;M00125;M00128;,10,,,,,,,,,0,0,2,0,0,100,3,,0,0,,,,,,,,,,,,,
10007,无尽模式07,1,Level3_T_Scene.png,1,InfiniteMode_BGM,T01;T02;T03;T04;T05;,2000,1,M00101;M00125;M00128;,10,,,,,,,,,0,0,2,0,0,100,3,,0,0,,,,,,,,,,,,,
10008,无尽模式08,1,Level3_T_Scene.png,1,InfiniteMode_BGM,T01;T02;T03;T04;T05;,2000,1,M00101;M00125;M00128;,10,,,,,,,,,0,0,2,0,0,100,3,,0,0,,,,,,,,,,,,,
10009,无尽模式09,1,Level3_T_Scene.png,1,InfiniteMode_BGM,T01;T02;T03;T04;T05;,2000,1,M00101;M00125;M00128;,10,,,,,,,,,0,0,2,0,0,100,3,,0,0,,,,,,,,,,,,,
20001,活动关卡01（普通）,1,Level1_T_Scene.png,1,Theme_M_01,T01;T02;T03;T04;T05;,1000,1,M00101;M00125;M00128;,300,5300,,,,,,,,30,30,4,0,1000,3,3,南瓜屋,0,0,,,,,,,,,,,,,1;3;5
20002,活动关卡02（精英）,1,Level1_T_Scene.png,1,Theme_M_01,T01;T02;T03;T04;T05;,1000,1,M00101;M00125;M00128;,10,,,,,,,,,30,30,1,0,1000,3,3,南瓜屋,0,0,,,,,,,,,,,,,
20003,活动关卡03（普通）,1,Level2_T_Scene.png,2,Theme_M_02,T01;T02;T03;T04;T05;,1000,1,M00101;M00125;M00128;,300,14000,,,,,,,,30,60,4,0,1000,3,3,金字塔,0,0,,,,,,,,,,,,,2;4;6
20004,活动关卡04（精英）,1,Level2_T_Scene.png,2,Theme_M_02,T01;T02;T03;T04;T05;,1000,1,M00101;M00125;M00128;,10,,,,,,,,,30,60,1,0,1000,3,3,金字塔,0,0,,,,,,,,,,,,,
20005,活动关卡05（普通）,1,Level3_T_Scene.png,3,Theme_M_03,T01;T02;T03;T04;T05;,1000,1,M00101;M00125;M00128;,300,28888,,,,,,,,30,90,4,0,1000,3,3,蜘蛛洞,0,0,,,,,,,,,,,,,7
20006,活动关卡06（精英）,1,Level3_T_Scene.png,3,Theme_M_03,T01;T02;T03;T04;T05;,1000,1,M00101;M00125;M00128;,10,,,,,,,,,30,90,1,0,1000,3,3,蜘蛛洞,0,0,,,,,,,,,,,,,
30000,test,1,Level3_T_Scene.png,1,Theme_M_03,T01;T02;T03;T04;T05;,1000,1,M00101;M00125;M00128;,10,,,,,,,,,30,0,3,0,1000,3,3,蜘蛛洞,0,0,,,,,,,,,,,,,
