技能ID,技能名称,触发器类型（1普通2主动3被动4攻击5防御6数值）,"目标(1:单体,2:群体)",目标关系(1自2敌3友4自身以外),范围,范围类型(1圆2直3方4连锁5针对怪),触发类型（1普攻2物攻3法功4技能5暴击6死亡）,消耗资源类型（1生命2移动3防御4攻击5攻速6攻范7能量8暴击）,消耗资源数量,冷却时间(毫秒),概率,数值检测类型（1生命2移动3防御4攻击5攻速6攻范7能量8暴击）,检测百分比,弹射数量,动作类型（1伤害2参数3状态4召唤5治疗）,伤害类型（1物理2魔法3真实）,物理伤害算法（0武器%1技能）,物理最小伤害值,物理最大伤害值,魔法伤害算法(0武器%1技能),魔法最小伤害值,魔法最大伤害值,持续时间,间隔时间,变换参数（1生命2移动3防御4物攻5攻速6攻范7能量8暴击9金钱10穿透11法攻）,变换关系（1加2乘法）,变换数值,状态变化（1冰冻2眩晕3定身4禁魔5反潜行）,攻击准备动作,塔技能动作,群体攻击是否转向(0:无 1：有),是否分上下,是否对天空(1地面2空),播放次数,特效路径,子弹特效/技能特效.ExportJson,主手弹轨出口1,副手弹轨出口2,弹道方向,怪物受击特效Path,怪物受击特效ExportJson,怪物debuff特效Path,怪物debuff特效名字ExportJson,黑屏横幅特效,技能名字,武器特效动作,特效icon图片路径,帧事件名称1,帧事件名称2,音效帧事件名称,音效文件名字,后续技能,附带武器特效路径,附带武器特效名
SkillID_ks,Name_c,TriggerType_n,TargetType_n,TargetRelation_n,Range_n,RangeType_n,TriggerFlag_n,ConsumeType_n,ConsumeNumber_n,CD_n,Percent_n,DetectType_n,DetectPercent_n,DetectRange_n,ActionType_n,DamageType_n,PDamageCalc_n,PMinDamage_n,PMaxDamage_n,MDamageCalc_n,MMinDamage_n,MMaxDamage_n,ContinueTime_n,IntervalTime_n,ChangeParameter_n,ChangeRelation_n,ChangeData_n,StatusChange_n,BasicAttackAnimation_s,TowerAnimation_s,AoEDirection_n,IsUpAndDown_n,IsSkyOrGround_n,PlayTimes_n,EffectPath_s,BulletAnimation_s,WayOut1_s,WayOut2_s,ProjectileDirection_n,HitedAnimationPath_s,HitedAnimation_s,DebuffAnimationPath_s,DebuffAnimation_s,BlackAnimation_s,SkillName_s,WeaponEff_s,SkillFile_s,FrameEvent1_s,FrameEvent2_s,SoundFrameEvent_s,SoundName_s,AfterSkill_s,WeaponEffPath_s,WeaponEffName_s
swordsman_basicattack0101,骑士剑普通攻击0101,1,1,2,1,1,1,0,0,1500,0,0,0,0,1,1,0,1,1,0,0,0,0,0,0,0,0,0,BasicAttack,0,0,1,1,1,0,0,MainWeapon,OffWeapon,0,0,eff_hit_jinzhanwuli.ccbi,0,0,0,0,L1_BasicAttack,icn_ABulletStorm.png,onAttackCB,0,0,,0,0,0
swordsman_basicattack0102,骑士剑普通攻击0102,1,1,2,1,1,1,0,0,1500,0,0,0,0,1,1,0,1,1,0,0,0,0,0,0,0,0,0,BasicAttack,0,0,1,1,1,0,0,MainWeapon,OffWeapon,0,0,eff_hit_jinzhanwuli.ccbi,0,0,0,0,L1_BasicAttack,icn_ABulletStorm.png,onAttackCB,0,0,,0,0,0
swordsman_basicattack0103_1,骑士剑普通攻击0103_1,1,1,2,1,1,1,0,0,1500,0,0,0,0,1,1,0,1,1,0,0,0,0,0,0,0,0,0,BasicAttack,0,0,1,1,1,0,0,MainWeapon,OffWeapon,0,0,eff_hit_jinzhanwuli.ccbi,0,0,0,0,L1_BasicAttack,icn_ABulletStorm.png,onAttackCB,0,0,,0,0,0
swordsman_basicattack0104_1,骑士剑普通攻击0104_1,1,1,2,1,1,1,0,0,1500,0,0,0,0,1,1,0,1,1,0,0,0,0,0,0,0,0,0,BasicAttack,0,0,1,1,1,0,0,MainWeapon,OffWeapon,0,0,eff_hit_jinzhanwuli.ccbi,0,0,0,0,L1_BasicAttack,icn_ABulletStorm.png,onAttackCB,0,0,,0,0,0
swordsman_basicattack0105_1,骑士剑普通攻击0105_1,1,1,2,1,1,1,0,0,1500,0,0,0,0,1,1,0,1,1,0,0,0,0,0,0,0,0,0,BasicAttack,0,0,1,1,1,0,0,MainWeapon,OffWeapon,0,0,eff_hit_jinzhanwuli.ccbi,0,0,0,0,L1_BasicAttack,icn_ABulletStorm.png,onAttackCB,0,0,,0,0,0
swordsman_basicattack0105_2,骑士剑普通攻击0105_2,1,1,2,1,1,1,0,0,1500,0,0,0,0,1,1,0,1,1,0,0,0,0,0,0,0,0,0,BasicAttack,0,0,1,1,1,0,0,MainWeapon,OffWeapon,0,0,eff_hit_jinzhanwuli.ccbi,0,0,0,0,L1_BasicAttack,icn_ABulletStorm.png,onAttackCB,0,0,,0,0,0
swordsman_basicattack0103_2,骑士剑普通攻击0103_2,1,1,2,1,1,1,0,0,1500,0,0,0,0,1,1,0,1,1,0,0,0,0,0,0,0,0,0,BasicAttack,0,0,1,1,1,0,0,MainWeapon,OffWeapon,0,0,eff_hit_jinzhanwuli.ccbi,0,0,0,0,L1_BasicAttack,icn_ABulletStorm.png,onAttackCB,0,0,,0,0,0
swordsman_basicattack0104_2,骑士剑普通攻击0104_2,1,1,2,1,1,1,0,0,1500,0,0,0,0,1,1,0,1,1,0,0,0,0,0,0,0,0,0,BasicAttack,0,0,1,1,1,0,0,MainWeapon,OffWeapon,0,0,eff_hit_jinzhanwuli.ccbi,0,0,0,0,L1_BasicAttack,icn_ABulletStorm.png,onAttackCB,0,0,,0,0,0
swordsman_basicattack0105_3,骑士剑普通攻击0105_3,1,1,2,1,1,1,0,0,1500,0,0,0,0,1,1,0,1,1,0,0,0,0,0,0,0,0,0,BasicAttack,0,0,1,1,1,0,0,MainWeapon,OffWeapon,0,0,eff_hit_jinzhanwuli.ccbi,0,0,0,0,L1_BasicAttack,icn_ABulletStorm.png,onAttackCB,0,0,,0,0,0
swordsman_basicattack0105_4,骑士剑普通攻击0105_4,1,1,2,1,1,1,0,0,1500,0,0,0,0,1,1,0,1,1,0,0,0,0,0,0,0,0,0,BasicAttack,0,0,1,1,1,0,0,MainWeapon,OffWeapon,0,0,eff_hit_jinzhanwuli.ccbi,0,0,0,0,L1_BasicAttack,icn_ABulletStorm.png,onAttackCB,0,0,,0,0,0
swordsman_basicattack0201,斧头普通攻击0201,1,1,2,1,1,1,0,0,1500,0,0,0,0,1,1,0,1,1,0,0,0,0,0,0,0,0,0,BasicAttack,0,0,1,1,1,0,0,MainWeapon,OffWeapon,0,0,eff_hit_jinzhanwuli.ccbi,0,0,0,0,L1_BasicAttack,icn_ABulletStorm.png,onAttackCB,0,0,,0,0,0
swordsman_basicattack0202,斧头普通攻击0202,1,1,2,1,1,1,0,0,1500,0,0,0,0,1,1,0,1,1,0,0,0,0,0,0,0,0,0,BasicAttack,0,0,1,1,1,0,0,MainWeapon,OffWeapon,0,0,eff_hit_jinzhanwuli.ccbi,0,0,0,0,L1_BasicAttack,icn_ABulletStorm.png,onAttackCB,0,0,,0,0,0
swordsman_basicattack0203_1,斧头普通攻击0203_1,1,1,2,1,1,1,0,0,1500,0,0,0,0,1,1,0,1,1,0,0,0,0,0,0,0,0,0,BasicAttack,0,0,1,1,1,0,0,MainWeapon,OffWeapon,0,0,eff_hit_jinzhanwuli.ccbi,0,0,0,0,L1_BasicAttack,icn_ABulletStorm.png,onAttackCB,0,0,,0,0,0
swordsman_basicattack0204_1,斧头普通攻击0204_1,1,1,2,1,1,1,0,0,1500,0,0,0,0,1,1,0,1,1,0,0,0,0,0,0,0,0,0,BasicAttack,0,0,1,1,1,0,0,MainWeapon,OffWeapon,0,0,eff_hit_jinzhanwuli.ccbi,0,0,0,0,L1_BasicAttack,icn_ABulletStorm.png,onAttackCB,0,0,,0,0,0
swordsman_basicattack0205_1,斧头普通攻击0205_1,1,1,2,1,1,1,0,0,1500,0,0,0,0,1,1,0,1,1,0,0,0,0,0,0,0,0,0,BasicAttack,0,0,1,1,1,0,0,MainWeapon,OffWeapon,0,0,eff_hit_jinzhanwuli.ccbi,0,0,0,0,L1_BasicAttack,icn_ABulletStorm.png,onAttackCB,0,0,,0,0,0
swordsman_basicattack0205_2,斧头普通攻击0205_2,1,1,2,1,1,1,0,0,1500,0,0,0,0,1,1,0,1,1,0,0,0,0,0,0,0,0,0,BasicAttack,0,0,1,1,1,0,0,MainWeapon,OffWeapon,0,0,eff_hit_jinzhanwuli.ccbi,0,0,0,0,L1_BasicAttack,icn_ABulletStorm.png,onAttackCB,0,0,,0,0,0
swordsman_basicattack0203_2,斧头普通攻击0203_2,1,1,2,1,1,1,0,0,1500,0,0,0,0,1,1,0,1,1,0,0,0,0,0,0,0,0,0,BasicAttack,0,0,1,1,1,0,0,MainWeapon,OffWeapon,0,0,eff_hit_jinzhanwuli.ccbi,0,0,0,0,L1_BasicAttack,icn_ABulletStorm.png,onAttackCB,0,0,,0,0,0
swordsman_basicattack0204_2,斧头普通攻击0204_2,1,1,2,1,1,1,0,0,1500,0,0,0,0,1,1,0,1,1,0,0,0,0,0,0,0,0,0,BasicAttack,0,0,1,1,1,0,0,MainWeapon,OffWeapon,0,0,eff_hit_jinzhanwuli.ccbi,0,0,0,0,L1_BasicAttack,icn_ABulletStorm.png,onAttackCB,0,0,,0,0,0
swordsman_basicattack0205_3,斧头普通攻击0205_3,1,1,2,1,1,1,0,0,1500,0,0,0,0,1,1,0,1,1,0,0,0,0,0,0,0,0,0,BasicAttack,0,0,1,1,1,0,0,MainWeapon,OffWeapon,0,0,eff_hit_jinzhanwuli.ccbi,0,0,0,0,L1_BasicAttack,icn_ABulletStorm.png,onAttackCB,0,0,,0,0,0
swordsman_basicattack0205_4,斧头普通攻击0205_4,1,1,2,1,1,1,0,0,1500,0,0,0,0,1,1,0,1,1,0,0,0,0,0,0,0,0,0,BasicAttack,0,0,1,1,1,0,0,MainWeapon,OffWeapon,0,0,eff_hit_jinzhanwuli.ccbi,0,0,0,0,L1_BasicAttack,icn_ABulletStorm.png,onAttackCB,0,0,,0,0,0
swordsman_basicattack0301,武士刀普通攻击0301,1,1,2,1,1,1,0,0,1500,0,0,0,0,1,1,0,1,1,0,0,0,0,0,0,0,0,0,BasicAttack,0,0,1,1,1,0,0,MainWeapon,OffWeapon,0,0,eff_hit_jinzhanwuli.ccbi,0,0,0,0,L1_BasicAttack,icn_ABulletStorm.png,onAttackCB,0,0,,0,0,0
swordsman_basicattack0302,武士刀普通攻击0302,1,1,2,1,1,1,0,0,1500,0,0,0,0,1,1,0,1,1,0,0,0,0,0,0,0,0,0,BasicAttack,0,0,1,1,1,0,0,MainWeapon,OffWeapon,0,0,eff_hit_jinzhanwuli.ccbi,0,0,0,0,L1_BasicAttack,icn_ABulletStorm.png,onAttackCB,0,0,,0,0,0
swordsman_basicattack0303_1,武士刀普通攻击0303_1,1,1,2,1,1,1,0,0,1500,0,0,0,0,1,1,0,1,1,0,0,0,0,0,0,0,0,0,BasicAttack,0,0,1,1,1,0,0,MainWeapon,OffWeapon,0,0,eff_hit_jinzhanwuli.ccbi,0,0,0,0,L1_BasicAttack,icn_ABulletStorm.png,onAttackCB,0,0,,0,0,0
swordsman_basicattack0304_1,武士刀普通攻击0304_1,1,1,2,1,1,1,0,0,1500,0,0,0,0,1,1,0,1,1,0,0,0,0,0,0,0,0,0,BasicAttack,0,0,1,1,1,0,0,MainWeapon,OffWeapon,0,0,eff_hit_jinzhanwuli.ccbi,0,0,0,0,L1_BasicAttack,icn_ABulletStorm.png,onAttackCB,0,0,,0,0,0
swordsman_basicattack0305_1,武士刀普通攻击0305_1,1,1,2,1,1,1,0,0,1500,0,0,0,0,1,1,0,1,1,0,0,0,0,0,0,0,0,0,BasicAttack,0,0,1,1,1,0,0,MainWeapon,OffWeapon,0,0,eff_hit_jinzhanwuli.ccbi,0,0,0,0,L1_BasicAttack,icn_ABulletStorm.png,onAttackCB,0,0,,0,0,0
swordsman_basicattack0305_2,武士刀普通攻击0305_2,1,1,2,1,1,1,0,0,1500,0,0,0,0,1,1,0,1,1,0,0,0,0,0,0,0,0,0,BasicAttack,0,0,1,1,1,0,0,MainWeapon,OffWeapon,0,0,eff_hit_jinzhanwuli.ccbi,0,0,0,0,L1_BasicAttack,icn_ABulletStorm.png,onAttackCB,0,0,,0,0,0
swordsman_basicattack0303_2,武士刀普通攻击0303_2,1,1,2,1,1,1,0,0,1500,0,0,0,0,1,1,0,1,1,0,0,0,0,0,0,0,0,0,BasicAttack,0,0,1,1,1,0,0,MainWeapon,OffWeapon,0,0,eff_hit_jinzhanwuli.ccbi,0,0,0,0,L1_BasicAttack,icn_ABulletStorm.png,onAttackCB,0,0,,0,0,0
swordsman_basicattack0304_2,武士刀普通攻击0304_2,1,1,2,1,1,1,0,0,1500,0,0,0,0,1,1,0,1,1,0,0,0,0,0,0,0,0,0,BasicAttack,0,0,1,1,1,0,0,MainWeapon,OffWeapon,0,0,eff_hit_jinzhanwuli.ccbi,0,0,0,0,L1_BasicAttack,icn_ABulletStorm.png,onAttackCB,0,0,,0,0,0
swordsman_basicattack0305_3,武士刀普通攻击0305_3,1,1,2,1,1,1,0,0,1500,0,0,0,0,1,1,0,1,1,0,0,0,0,0,0,0,0,0,BasicAttack,0,0,1,1,1,0,0,MainWeapon,OffWeapon,0,0,eff_hit_jinzhanwuli.ccbi,0,0,0,0,L1_BasicAttack,icn_ABulletStorm.png,onAttackCB,0,0,,0,0,0
swordsman_basicattack0305_4,武士刀普通攻击0305_4,1,1,2,1,1,1,0,0,1500,0,0,0,0,1,1,0,1,1,0,0,0,0,0,0,0,0,0,BasicAttack,0,0,1,1,1,0,0,MainWeapon,OffWeapon,0,0,eff_hit_jinzhanwuli.ccbi,0,0,0,0,L1_BasicAttack,icn_ABulletStorm.png,onAttackCB,0,0,,0,0,0
gunner_basicattack0101,火铳普通攻击0101,1,1,2,2.5,1,1,0,0,1800,0,0,0,0,1,1,0,1,1,0,0,0,0,0,0,0,0,0,BasicAttack,0,0,0,2,1,Eff/Tower/eff_gunner_BasicAttack/,eff_gunner_BasicAttack,MainWeapon,OffWeapon,1,0,eff_hit_yuanchengwuli.ccbi,0,0,0,0,L1_BasicAttack,icn_ABulletStorm.png,onAttackCB1,onAttackCB2,0,,0,0,0
gunner_basicattack0102,火铳普通攻击0102,1,1,2,2.5,1,1,0,0,1800,0,0,0,0,1,1,0,1,1,0,0,0,0,0,0,0,0,0,BasicAttack,0,0,0,2,1,Eff/Tower/eff_gunner_BasicAttack/,eff_gunner_BasicAttack,MainWeapon,OffWeapon,1,0,eff_hit_yuanchengwuli.ccbi,0,0,0,0,L1_BasicAttack,icn_ABulletStorm.png,onAttackCB1,onAttackCB2,0,,0,0,0
gunner_basicattack0103_1,火铳普通攻击0103_1,1,1,2,2.5,1,1,0,0,1800,0,0,0,0,1,1,0,1,1,0,0,0,0,0,0,0,0,0,BasicAttack,0,0,0,2,1,Eff/Tower/eff_gunner_BasicAttack/,eff_gunner_BasicAttack,MainWeapon,OffWeapon,1,0,eff_hit_yuanchengwuli.ccbi,0,0,0,0,L1_BasicAttack,icn_ABulletStorm.png,onAttackCB1,onAttackCB2,0,,0,0,0
gunner_basicattack0104_1,火铳普通攻击0104_1,1,1,2,2.5,1,1,0,0,1800,0,0,0,0,1,1,0,1,1,0,0,0,0,0,0,0,0,0,BasicAttack,0,0,0,2,1,Eff/Tower/eff_gunner_BasicAttack/,eff_gunner_BasicAttack,MainWeapon,OffWeapon,1,0,eff_hit_yuanchengwuli.ccbi,0,0,0,0,L1_BasicAttack,icn_ABulletStorm.png,onAttackCB1,onAttackCB2,0,,0,0,0
gunner_basicattack0105_1,火铳普通攻击0105_1,1,1,2,2.5,1,1,0,0,1800,0,0,0,0,1,1,0,1,1,0,0,0,0,0,0,0,0,0,BasicAttack,0,0,0,2,1,Eff/Tower/eff_gunner_BasicAttack/,eff_gunner_BasicAttack,MainWeapon,OffWeapon,1,0,eff_hit_yuanchengwuli.ccbi,0,0,0,0,L1_BasicAttack,icn_ABulletStorm.png,onAttackCB1,onAttackCB2,0,,0,0,0
gunner_basicattack0105_2,火铳普通攻击0105_2,1,1,2,2.5,1,1,0,0,1800,0,0,0,0,1,1,0,1,1,0,0,0,0,0,0,0,0,0,BasicAttack,0,0,0,2,1,Eff/Tower/eff_gunner_BasicAttack/,eff_gunner_BasicAttack,MainWeapon,OffWeapon,1,0,eff_hit_yuanchengwuli.ccbi,0,0,0,0,L1_BasicAttack,icn_ABulletStorm.png,onAttackCB1,onAttackCB2,0,,0,0,0
gunner_basicattack0103_2,火铳普通攻击0103_2,1,1,2,2.5,1,1,0,0,1800,0,0,0,0,1,1,0,1,1,0,0,0,0,0,0,0,0,0,BasicAttack,0,0,0,2,1,Eff/Tower/eff_gunner_BasicAttack/,eff_gunner_BasicAttack,MainWeapon,OffWeapon,1,0,eff_hit_yuanchengwuli.ccbi,0,0,0,0,L1_BasicAttack,icn_ABulletStorm.png,onAttackCB1,onAttackCB2,0,,0,0,0
gunner_basicattack0104_2,火铳普通攻击0104_2,1,1,2,2.5,1,1,0,0,1800,0,0,0,0,1,1,0,1,1,0,0,0,0,0,0,0,0,0,BasicAttack,0,0,0,2,1,Eff/Tower/eff_gunner_BasicAttack/,eff_gunner_BasicAttack,MainWeapon,OffWeapon,1,0,eff_hit_yuanchengwuli.ccbi,0,0,0,0,L1_BasicAttack,icn_ABulletStorm.png,onAttackCB1,onAttackCB2,0,,0,0,0
gunner_basicattack0105_3,火铳普通攻击0105_3,1,1,2,2.5,1,1,0,0,1800,0,0,0,0,1,1,0,1,1,0,0,0,0,0,0,0,0,0,BasicAttack,0,0,0,2,1,Eff/Tower/eff_gunner_BasicAttack/,eff_gunner_BasicAttack,MainWeapon,OffWeapon,1,0,eff_hit_yuanchengwuli.ccbi,0,0,0,0,L1_BasicAttack,icn_ABulletStorm.png,onAttackCB1,onAttackCB2,0,,0,0,0
gunner_basicattack0105_4,火铳普通攻击0105_4,1,1,2,2.5,1,1,0,0,1800,0,0,0,0,1,1,0,1,1,0,0,0,0,0,0,0,0,0,BasicAttack,0,0,0,2,1,Eff/Tower/eff_gunner_BasicAttack/,eff_gunner_BasicAttack,MainWeapon,OffWeapon,1,0,eff_hit_yuanchengwuli.ccbi,0,0,0,0,L1_BasicAttack,icn_ABulletStorm.png,onAttackCB1,onAttackCB2,0,,0,0,0
gunner_basicattack0201,左轮普通攻击0201,1,1,2,2.5,1,1,0,0,1800,0,0,0,0,1,1,0,1,1,0,0,0,0,0,0,0,0,0,BasicAttack,0,0,0,2,1,Eff/Tower/eff_gunner_BasicAttack/,eff_gunner_BasicAttack,MainWeapon,OffWeapon,1,0,eff_hit_yuanchengwuli.ccbi,0,0,0,0,L1_BasicAttack,icn_ABulletStorm.png,onAttackCB1,onAttackCB2,0,,0,0,0
gunner_basicattack0203_1,左轮普通攻击0203_1,1,1,2,2.5,1,1,0,0,1800,0,0,0,0,1,1,0,1,1,0,0,0,0,0,0,0,0,0,BasicAttack,0,0,0,2,1,Eff/Tower/eff_gunner_BasicAttack/,eff_gunner_BasicAttack,MainWeapon,OffWeapon,1,0,eff_hit_yuanchengwuli.ccbi,0,0,0,0,L1_BasicAttack,icn_ABulletStorm.png,onAttackCB1,onAttackCB2,0,,0,0,0
gunner_basicattack0205_1,左轮普通攻击0205_1,1,1,2,2.5,1,1,0,0,1800,0,0,0,0,1,1,0,1,1,0,0,0,0,0,0,0,0,0,BasicAttack,0,0,0,2,1,Eff/Tower/eff_gunner_BasicAttack/,eff_gunner_BasicAttack,MainWeapon,OffWeapon,1,0,eff_hit_yuanchengwuli.ccbi,0,0,0,0,L1_BasicAttack,icn_ABulletStorm.png,onAttackCB1,onAttackCB2,0,,0,0,0
gunner_basicattack0205_2,左轮普通攻击0205_2,1,1,2,2.5,1,1,0,0,1800,0,0,0,0,1,1,0,1,1,0,0,0,0,0,0,0,0,0,BasicAttack,0,0,0,2,1,Eff/Tower/eff_gunner_BasicAttack/,eff_gunner_BasicAttack,MainWeapon,OffWeapon,1,0,eff_hit_yuanchengwuli.ccbi,0,0,0,0,L1_BasicAttack,icn_ABulletStorm.png,onAttackCB1,onAttackCB2,0,,0,0,0
gunner_basicattack0203_2,左轮普通攻击0203_2,1,1,2,2.5,1,1,0,0,1800,0,0,0,0,1,1,0,1,1,0,0,0,0,0,0,0,0,0,BasicAttack,0,0,0,2,1,Eff/Tower/eff_gunner_BasicAttack/,eff_gunner_BasicAttack,MainWeapon,OffWeapon,1,0,eff_hit_yuanchengwuli.ccbi,0,0,0,0,L1_BasicAttack,icn_ABulletStorm.png,onAttackCB1,onAttackCB2,0,,0,0,0
gunner_basicattack0205_3,左轮普通攻击0205_3,1,1,2,2.5,1,1,0,0,1800,0,0,0,0,1,1,0,1,1,0,0,0,0,0,0,0,0,0,BasicAttack,0,0,0,2,1,Eff/Tower/eff_gunner_BasicAttack/,eff_gunner_BasicAttack,MainWeapon,OffWeapon,1,0,eff_hit_yuanchengwuli.ccbi,0,0,0,0,L1_BasicAttack,icn_ABulletStorm.png,onAttackCB1,onAttackCB2,0,,0,0,0
gunner_basicattack0205_4,左轮普通攻击0205_4,1,1,2,2.5,1,1,0,0,1800,0,0,0,0,1,1,0,1,1,0,0,0,0,0,0,0,0,0,BasicAttack,0,0,0,2,1,Eff/Tower/eff_gunner_BasicAttack/,eff_gunner_BasicAttack,MainWeapon,OffWeapon,1,0,eff_hit_yuanchengwuli.ccbi,0,0,0,0,L1_BasicAttack,icn_ABulletStorm.png,onAttackCB1,onAttackCB2,0,,0,0,0
gunner_basicattack0301,飞镖普通攻击0301,1,1,2,2.5,1,1,0,0,1800,0,0,0,0,1,1,0,1,1,0,0,0,0,0,0,0,0,0,BasicAttack,0,0,0,2,1,Eff/Tower/eff_gunner_BasicAttack/,eff_gunner_BasicAttack,MainWeapon,OffWeapon,1,0,eff_hit_yuanchengwuli.ccbi,0,0,0,0,L1_BasicAttack,icn_ABulletStorm.png,onAttackCB1,onAttackCB2,0,,0,0,0
gunner_basicattack0303_1,飞镖普通攻击0303_1,1,1,2,2.5,1,1,0,0,1800,0,0,0,0,1,1,0,1,1,0,0,0,0,0,0,0,0,0,BasicAttack,0,0,0,2,1,Eff/Tower/eff_gunner_BasicAttack/,eff_gunner_BasicAttack,MainWeapon,OffWeapon,1,0,eff_hit_yuanchengwuli.ccbi,0,0,0,0,L1_BasicAttack,icn_ABulletStorm.png,onAttackCB1,onAttackCB2,0,,0,0,0
gunner_basicattack0305_1,飞镖普通攻击0305_1,1,1,2,2.5,1,1,0,0,1800,0,0,0,0,1,1,0,1,1,0,0,0,0,0,0,0,0,0,BasicAttack,0,0,0,2,1,Eff/Tower/eff_gunner_BasicAttack/,eff_gunner_BasicAttack,MainWeapon,OffWeapon,1,0,eff_hit_yuanchengwuli.ccbi,0,0,0,0,L1_BasicAttack,icn_ABulletStorm.png,onAttackCB1,onAttackCB2,0,,0,0,0
gunner_basicattack0305_2,飞镖普通攻击0305_2,1,1,2,2.5,1,1,0,0,1800,0,0,0,0,1,1,0,1,1,0,0,0,0,0,0,0,0,0,BasicAttack,0,0,0,2,1,Eff/Tower/eff_gunner_BasicAttack/,eff_gunner_BasicAttack,MainWeapon,OffWeapon,1,0,eff_hit_yuanchengwuli.ccbi,0,0,0,0,L1_BasicAttack,icn_ABulletStorm.png,onAttackCB1,onAttackCB2,0,,0,0,0
gunner_basicattack0303_2,飞镖普通攻击0303_2,1,1,2,2.5,1,1,0,0,1800,0,0,0,0,1,1,0,1,1,0,0,0,0,0,0,0,0,0,BasicAttack,0,0,0,2,1,Eff/Tower/eff_gunner_BasicAttack/,eff_gunner_BasicAttack,MainWeapon,OffWeapon,1,0,eff_hit_yuanchengwuli.ccbi,0,0,0,0,L1_BasicAttack,icn_ABulletStorm.png,onAttackCB1,onAttackCB2,0,,0,0,0
gunner_basicattack0305_3,飞镖普通攻击0305_3,1,1,2,2.5,1,1,0,0,1800,0,0,0,0,1,1,0,1,1,0,0,0,0,0,0,0,0,0,BasicAttack,0,0,0,2,1,Eff/Tower/eff_gunner_BasicAttack/,eff_gunner_BasicAttack,MainWeapon,OffWeapon,1,0,eff_hit_yuanchengwuli.ccbi,0,0,0,0,L1_BasicAttack,icn_ABulletStorm.png,onAttackCB1,onAttackCB2,0,,0,0,0
gunner_basicattack0305_4,飞镖普通攻击0305_4,1,1,2,2.5,1,1,0,0,1800,0,0,0,0,1,1,0,1,1,0,0,0,0,0,0,0,0,0,BasicAttack,0,0,0,2,1,Eff/Tower/eff_gunner_BasicAttack/,eff_gunner_BasicAttack,MainWeapon,OffWeapon,1,0,eff_hit_yuanchengwuli.ccbi,0,0,0,0,L1_BasicAttack,icn_ABulletStorm.png,onAttackCB1,onAttackCB2,0,,0,0,0
mage_basicattack0101,法杖普通攻击0101,1,1,2,2,1,1,0,0,2200,0,0,0,0,1,2,0,0,0,0,1,1,0,0,0,0,0,0,BasicAttack,0,0,0,2,1,Eff/Tower/eff_mage_BasicAttack/,eff_mage_BasicAttack,MainWeapon,OffWeapon,1,0,eff_hit_yuanchengmofa.ccbi,0,0,0,0,L1_BasicAttack,icn_ABulletStorm.png,onAttackCB,0,0,,0,0,0
mage_basicattack0103_1,法杖普通攻击0103_1,1,1,2,2,1,1,0,0,2200,0,0,0,0,1,2,0,0,0,0,1,1,0,0,0,0,0,0,BasicAttack,0,0,0,2,1,Eff/Tower/eff_mage_BasicAttack/,eff_mage_BasicAttack,MainWeapon,OffWeapon,1,0,eff_hit_yuanchengmofa.ccbi,0,0,0,0,L1_BasicAttack,icn_ABulletStorm.png,onAttackCB,0,0,,0,0,0
mage_basicattack0105_1,法杖普通攻击0105_1,1,1,2,2,1,1,0,0,2200,0,0,0,0,1,2,0,0,0,0,1,1,0,0,0,0,0,0,BasicAttack,0,0,0,2,1,Eff/Tower/eff_mage_BasicAttack/,eff_mage_BasicAttack,MainWeapon,OffWeapon,1,0,eff_hit_yuanchengmofa.ccbi,0,0,0,0,L1_BasicAttack,icn_ABulletStorm.png,onAttackCB,0,0,,0,0,0
mage_basicattack0105_2,法杖普通攻击0105_2,1,1,2,2,1,1,0,0,2200,0,0,0,0,1,2,0,0,0,0,1,1,0,0,0,0,0,0,BasicAttack,0,0,0,2,1,Eff/Tower/eff_mage_BasicAttack/,eff_mage_BasicAttack,MainWeapon,OffWeapon,1,0,eff_hit_yuanchengmofa.ccbi,0,0,0,0,L1_BasicAttack,icn_ABulletStorm.png,onAttackCB,0,0,,0,0,0
mage_basicattack0103_2,法杖普通攻击0103_2,1,1,2,2,1,1,0,0,2200,0,0,0,0,1,2,0,0,0,0,1,1,0,0,0,0,0,0,BasicAttack,0,0,0,2,1,Eff/Tower/eff_mage_BasicAttack/,eff_mage_BasicAttack,MainWeapon,OffWeapon,1,0,eff_hit_yuanchengmofa.ccbi,0,0,0,0,L1_BasicAttack,icn_ABulletStorm.png,onAttackCB,0,0,,0,0,0
mage_basicattack0105_3,法杖普通攻击0105_3,1,1,2,2,1,1,0,0,2200,0,0,0,0,1,2,0,0,0,0,1,1,0,0,0,0,0,0,BasicAttack,0,0,0,2,1,Eff/Tower/eff_mage_BasicAttack/,eff_mage_BasicAttack,MainWeapon,OffWeapon,1,0,eff_hit_yuanchengmofa.ccbi,0,0,0,0,L1_BasicAttack,icn_ABulletStorm.png,onAttackCB,0,0,,0,0,0
mage_basicattack0105_4,法杖普通攻击0105_4,1,1,2,2,1,1,0,0,2200,0,0,0,0,1,2,0,0,0,0,1,1,0,0,0,0,0,0,BasicAttack,0,0,0,2,1,Eff/Tower/eff_mage_BasicAttack/,eff_mage_BasicAttack,MainWeapon,OffWeapon,1,0,eff_hit_yuanchengmofa.ccbi,0,0,0,0,L1_BasicAttack,icn_ABulletStorm.png,onAttackCB,0,0,,0,0,0
mage_basicattack0201,扫把普通攻击0201,1,1,2,2,1,1,0,0,2200,0,0,0,0,1,2,0,0,0,0,1,1,0,0,0,0,0,0,BasicAttack,0,0,0,2,1,Eff/Tower/eff_mage_BasicAttack/,eff_mage_BasicAttack,MainWeapon,OffWeapon,1,0,eff_hit_yuanchengmofa.ccbi,0,0,0,0,L1_BasicAttack,icn_ABulletStorm.png,onAttackCB,0,0,,0,0,0
mage_basicattack0203_1,扫把普通攻击0203_1,1,1,2,2,1,1,0,0,2200,0,0,0,0,1,2,0,0,0,0,1,1,0,0,0,0,0,0,BasicAttack,0,0,0,2,1,Eff/Tower/eff_mage_BasicAttack/,eff_mage_BasicAttack,MainWeapon,OffWeapon,1,0,eff_hit_yuanchengmofa.ccbi,0,0,0,0,L1_BasicAttack,icn_ABulletStorm.png,onAttackCB,0,0,,0,0,0
mage_basicattack0205_1,扫把普通攻击0205_1,1,1,2,2,1,1,0,0,2200,0,0,0,0,1,2,0,0,0,0,1,1,0,0,0,0,0,0,BasicAttack,0,0,0,2,1,Eff/Tower/eff_mage_BasicAttack/,eff_mage_BasicAttack,MainWeapon,OffWeapon,1,0,eff_hit_yuanchengmofa.ccbi,0,0,0,0,L1_BasicAttack,icn_ABulletStorm.png,onAttackCB,0,0,,0,0,0
mage_basicattack0205_2,扫把普通攻击0205_2,1,1,2,2,1,1,0,0,2200,0,0,0,0,1,2,0,0,0,0,1,1,0,0,0,0,0,0,BasicAttack,0,0,0,2,1,Eff/Tower/eff_mage_BasicAttack/,eff_mage_BasicAttack,MainWeapon,OffWeapon,1,0,eff_hit_yuanchengmofa.ccbi,0,0,0,0,L1_BasicAttack,icn_ABulletStorm.png,onAttackCB,0,0,,0,0,0
mage_basicattack0203_2,扫把普通攻击0203_2,1,1,2,2,1,1,0,0,2200,0,0,0,0,1,2,0,0,0,0,1,1,0,0,0,0,0,0,BasicAttack,0,0,0,2,1,Eff/Tower/eff_mage_BasicAttack/,eff_mage_BasicAttack,MainWeapon,OffWeapon,1,0,eff_hit_yuanchengmofa.ccbi,0,0,0,0,L1_BasicAttack,icn_ABulletStorm.png,onAttackCB,0,0,,0,0,0
mage_basicattack0205_3,扫把普通攻击0205_3,1,1,2,2,1,1,0,0,2200,0,0,0,0,1,2,0,0,0,0,1,1,0,0,0,0,0,0,BasicAttack,0,0,0,2,1,Eff/Tower/eff_mage_BasicAttack/,eff_mage_BasicAttack,MainWeapon,OffWeapon,1,0,eff_hit_yuanchengmofa.ccbi,0,0,0,0,L1_BasicAttack,icn_ABulletStorm.png,onAttackCB,0,0,,0,0,0
mage_basicattack0205_4,扫把普通攻击0205_4,1,1,2,2,1,1,0,0,2200,0,0,0,0,1,2,0,0,0,0,1,1,0,0,0,0,0,0,BasicAttack,0,0,0,2,1,Eff/Tower/eff_mage_BasicAttack/,eff_mage_BasicAttack,MainWeapon,OffWeapon,1,0,eff_hit_yuanchengmofa.ccbi,0,0,0,0,L1_BasicAttack,icn_ABulletStorm.png,onAttackCB,0,0,,0,0,0
mage_basicattack0301,桧扇普通攻击0301,1,1,2,2,1,1,0,0,2200,0,0,0,0,1,2,0,0,0,0,1,1,0,0,0,0,0,0,BasicAttack,0,0,0,2,1,Eff/Tower/eff_mage_BasicAttack/,eff_mage_BasicAttack,MainWeapon,OffWeapon,1,0,eff_hit_yuanchengmofa.ccbi,0,0,0,0,L1_BasicAttack,icn_ABulletStorm.png,onAttackCB,0,0,,0,0,0
mage_basicattack0303_1,桧扇普通攻击0303_1,1,1,2,2,1,1,0,0,2200,0,0,0,0,1,2,0,0,0,0,1,1,0,0,0,0,0,0,BasicAttack,0,0,0,2,1,Eff/Tower/eff_mage_BasicAttack/,eff_mage_BasicAttack,MainWeapon,OffWeapon,1,0,eff_hit_yuanchengmofa.ccbi,0,0,0,0,L1_BasicAttack,icn_ABulletStorm.png,onAttackCB,0,0,,0,0,0
mage_basicattack0305_1,桧扇普通攻击0305_1,1,1,2,2,1,1,0,0,2200,0,0,0,0,1,2,0,0,0,0,1,1,0,0,0,0,0,0,BasicAttack,0,0,0,2,1,Eff/Tower/eff_mage_BasicAttack/,eff_mage_BasicAttack,MainWeapon,OffWeapon,1,0,eff_hit_yuanchengmofa.ccbi,0,0,0,0,L1_BasicAttack,icn_ABulletStorm.png,onAttackCB,0,0,,0,0,0
mage_basicattack0305_2,桧扇普通攻击0305_2,1,1,2,2,1,1,0,0,2200,0,0,0,0,1,2,0,0,0,0,1,1,0,0,0,0,0,0,BasicAttack,0,0,0,2,1,Eff/Tower/eff_mage_BasicAttack/,eff_mage_BasicAttack,MainWeapon,OffWeapon,1,0,eff_hit_yuanchengmofa.ccbi,0,0,0,0,L1_BasicAttack,icn_ABulletStorm.png,onAttackCB,0,0,,0,0,0
mage_basicattack0303_2,桧扇普通攻击0303_2,1,1,2,2,1,1,0,0,2200,0,0,0,0,1,2,0,0,0,0,1,1,0,0,0,0,0,0,BasicAttack,0,0,0,2,1,Eff/Tower/eff_mage_BasicAttack/,eff_mage_BasicAttack,MainWeapon,OffWeapon,1,0,eff_hit_yuanchengmofa.ccbi,0,0,0,0,L1_BasicAttack,icn_ABulletStorm.png,onAttackCB,0,0,,0,0,0
mage_basicattack0305_3,桧扇普通攻击0305_3,1,1,2,2,1,1,0,0,2200,0,0,0,0,1,2,0,0,0,0,1,1,0,0,0,0,0,0,BasicAttack,0,0,0,2,1,Eff/Tower/eff_mage_BasicAttack/,eff_mage_BasicAttack,MainWeapon,OffWeapon,1,0,eff_hit_yuanchengmofa.ccbi,0,0,0,0,L1_BasicAttack,icn_ABulletStorm.png,onAttackCB,0,0,,0,0,0
mage_basicattack0305_4,桧扇普通攻击0305_4,1,1,2,2,1,1,0,0,2200,0,0,0,0,1,2,0,0,0,0,1,1,0,0,0,0,0,0,BasicAttack,0,0,0,2,1,Eff/Tower/eff_mage_BasicAttack/,eff_mage_BasicAttack,MainWeapon,OffWeapon,1,0,eff_hit_yuanchengmofa.ccbi,0,0,0,0,L1_BasicAttack,icn_ABulletStorm.png,onAttackCB,0,0,,0,0,0
summoner_basicattack0101,短杖普通攻击0101,1,1,2,1.5,1,1,0,0,2500,0,0,0,0,1,2,0,0,0,0,1,1,2000,0,2,1,-2,0,BasicAttack,0,0,0,2,1,Eff/Tower/eff_summoner_basicattack/,eff_summoner_basicattack,MainWeapon,OffWeapon,1,0,eff_hit_jinzhanmofa.ccbi,0,0,0,0,L1_BasicAttack,icn_ABulletStorm.png,onAttackCB,0,0,,0,0,0
summoner_basicattack0103_1,短杖普通攻击0103_1,1,1,2,1.5,1,1,0,0,2500,0,0,0,0,1,2,0,0,0,0,1,1,0,0,2,1,-2,0,BasicAttack,0,0,0,2,1,Eff/Tower/eff_summoner_basicattack/,eff_summoner_basicattack,MainWeapon,OffWeapon,1,0,eff_hit_jinzhanmofa.ccbi,0,0,0,0,L1_BasicAttack,icn_ABulletStorm.png,onAttackCB,0,0,,0,0,0
summoner_basicattack0105_1,短杖普通攻击0105_1,1,1,2,1.5,1,1,0,0,2500,0,0,0,0,1,2,0,0,0,0,1,1,0,0,2,1,-2,0,BasicAttack,0,0,0,2,1,Eff/Tower/eff_summoner_basicattack/,eff_summoner_basicattack,MainWeapon,OffWeapon,1,0,eff_hit_jinzhanmofa.ccbi,0,0,0,0,L1_BasicAttack,icn_ABulletStorm.png,onAttackCB,0,0,,0,0,0
summoner_basicattack0105_2,短杖普通攻击0105_2,1,1,2,1.5,1,1,0,0,2500,0,0,0,0,1,2,0,0,0,0,1,1,0,0,2,1,-2,0,BasicAttack,0,0,0,2,1,Eff/Tower/eff_summoner_basicattack/,eff_summoner_basicattack,MainWeapon,OffWeapon,1,0,eff_hit_jinzhanmofa.ccbi,0,0,0,0,L1_BasicAttack,icn_ABulletStorm.png,onAttackCB,0,0,,0,0,0
summoner_basicattack0103_2,短杖普通攻击0103_2,1,1,2,1.5,1,1,0,0,2500,0,0,0,0,1,2,0,0,0,0,1,1,0,0,2,1,-2,0,BasicAttack,0,0,0,2,1,Eff/Tower/eff_summoner_basicattack/,eff_summoner_basicattack,MainWeapon,OffWeapon,1,0,eff_hit_jinzhanmofa.ccbi,0,0,0,0,L1_BasicAttack,icn_ABulletStorm.png,onAttackCB,0,0,,0,0,0
summoner_basicattack0105_3,短杖普通攻击0105_3,1,1,2,1.5,1,1,0,0,2500,0,0,0,0,1,2,0,0,0,0,1,1,0,0,2,1,-2,0,BasicAttack,0,0,0,2,1,Eff/Tower/eff_summoner_basicattack/,eff_summoner_basicattack,MainWeapon,OffWeapon,1,0,eff_hit_jinzhanmofa.ccbi,0,0,0,0,L1_BasicAttack,icn_ABulletStorm.png,onAttackCB,0,0,,0,0,0
summoner_basicattack0105_4,短杖普通攻击0105_4,1,1,2,1.5,1,1,0,0,2500,0,0,0,0,1,2,0,0,0,0,1,1,0,0,2,1,-2,0,BasicAttack,0,0,0,2,1,Eff/Tower/eff_summoner_basicattack/,eff_summoner_basicattack,MainWeapon,OffWeapon,1,0,eff_hit_jinzhanmofa.ccbi,0,0,0,0,L1_BasicAttack,icn_ABulletStorm.png,onAttackCB,0,0,,0,0,0
summoner_basicattack0201,羽毛笔普通攻击0201,1,1,2,1.5,1,1,0,0,2500,0,0,0,0,1,2,0,0,0,0,1,1,0,0,0,0,0,0,BasicAttack,0,0,0,2,1,Eff/Tower/eff_summoner_basicattack/,eff_summoner_basicattack,MainWeapon,OffWeapon,1,0,eff_hit_jinzhanmofa.ccbi,0,0,0,0,L1_BasicAttack,icn_ABulletStorm.png,onAttackCB,0,0,,0,0,0
summoner_basicattack0203_1,羽毛笔普通攻击0203_1,1,1,2,1.5,1,1,0,0,2500,0,0,0,0,1,2,0,0,0,0,1,1,0,0,0,0,0,0,BasicAttack,0,0,0,2,1,Eff/Tower/eff_summoner_basicattack/,eff_summoner_basicattack,MainWeapon,OffWeapon,1,0,eff_hit_jinzhanmofa.ccbi,0,0,0,0,L1_BasicAttack,icn_ABulletStorm.png,onAttackCB,0,0,,0,0,0
summoner_basicattack0205_1,羽毛笔普通攻击0205_1,1,1,2,1.5,1,1,0,0,2500,0,0,0,0,1,2,0,0,0,0,1,1,0,0,0,0,0,0,BasicAttack,0,0,0,2,1,Eff/Tower/eff_summoner_basicattack/,eff_summoner_basicattack,MainWeapon,OffWeapon,1,0,eff_hit_jinzhanmofa.ccbi,0,0,0,0,L1_BasicAttack,icn_ABulletStorm.png,onAttackCB,0,0,,0,0,0
summoner_basicattack0205_2,羽毛笔普通攻击0205_2,1,1,2,1.5,1,1,0,0,2500,0,0,0,0,1,2,0,0,0,0,1,1,0,0,0,0,0,0,BasicAttack,0,0,0,2,1,Eff/Tower/eff_summoner_basicattack/,eff_summoner_basicattack,MainWeapon,OffWeapon,1,0,eff_hit_jinzhanmofa.ccbi,0,0,0,0,L1_BasicAttack,icn_ABulletStorm.png,onAttackCB,0,0,,0,0,0
summoner_basicattack0203_2,羽毛笔普通攻击0203_2,1,1,2,1.5,1,1,0,0,2500,0,0,0,0,1,2,0,0,0,0,1,1,0,0,0,0,0,0,BasicAttack,0,0,0,2,1,Eff/Tower/eff_summoner_basicattack/,eff_summoner_basicattack,MainWeapon,OffWeapon,1,0,eff_hit_jinzhanmofa.ccbi,0,0,0,0,L1_BasicAttack,icn_ABulletStorm.png,onAttackCB,0,0,,0,0,0
summoner_basicattack0205_3,羽毛笔普通攻击0205_3,1,1,2,1.5,1,1,0,0,2500,0,0,0,0,1,2,0,0,0,0,1,1,0,0,0,0,0,0,BasicAttack,0,0,0,2,1,Eff/Tower/eff_summoner_basicattack/,eff_summoner_basicattack,MainWeapon,OffWeapon,1,0,eff_hit_jinzhanmofa.ccbi,0,0,0,0,L1_BasicAttack,icn_ABulletStorm.png,onAttackCB,0,0,,0,0,0
summoner_basicattack0205_4,羽毛笔普通攻击0205_4,1,1,2,1.5,1,1,0,0,2500,0,0,0,0,1,2,0,0,0,0,1,1,0,0,0,0,0,0,BasicAttack,0,0,0,2,1,Eff/Tower/eff_summoner_basicattack/,eff_summoner_basicattack,MainWeapon,OffWeapon,1,0,eff_hit_jinzhanmofa.ccbi,0,0,0,0,L1_BasicAttack,icn_ABulletStorm.png,onAttackCB,0,0,,0,0,0
summoner_basicattack0301,御币普通攻击0301,1,1,2,1.5,1,1,0,0,2500,0,0,0,0,1,2,0,0,0,0,1,1,0,0,0,0,0,0,BasicAttack,0,0,0,2,1,Eff/Tower/eff_summoner_basicattack/,eff_summoner_basicattack,MainWeapon,OffWeapon,1,0,eff_hit_jinzhanmofa.ccbi,0,0,0,0,L1_BasicAttack,icn_ABulletStorm.png,onAttackCB,0,0,,0,0,0
summoner_basicattack0303_1,御币普通攻击0303_1,1,1,2,1.5,1,1,0,0,2500,0,0,0,0,1,2,0,0,0,0,1,1,0,0,0,0,0,0,BasicAttack,0,0,0,2,1,Eff/Tower/eff_summoner_basicattack/,eff_summoner_basicattack,MainWeapon,OffWeapon,1,0,eff_hit_jinzhanmofa.ccbi,0,0,0,0,L1_BasicAttack,icn_ABulletStorm.png,onAttackCB,0,0,,0,0,0
summoner_basicattack0305_1,御币普通攻击0305_1,1,1,2,1.5,1,1,0,0,2500,0,0,0,0,1,2,0,0,0,0,1,1,0,0,0,0,0,0,BasicAttack,0,0,0,2,1,Eff/Tower/eff_summoner_basicattack/,eff_summoner_basicattack,MainWeapon,OffWeapon,1,0,eff_hit_jinzhanmofa.ccbi,0,0,0,0,L1_BasicAttack,icn_ABulletStorm.png,onAttackCB,0,0,,0,0,0
summoner_basicattack0305_2,御币普通攻击0305_2,1,1,2,1.5,1,1,0,0,2500,0,0,0,0,1,2,0,0,0,0,1,1,0,0,0,0,0,0,BasicAttack,0,0,0,2,1,Eff/Tower/eff_summoner_basicattack/,eff_summoner_basicattack,MainWeapon,OffWeapon,1,0,eff_hit_jinzhanmofa.ccbi,0,0,0,0,L1_BasicAttack,icn_ABulletStorm.png,onAttackCB,0,0,,0,0,0
summoner_basicattack0303_2,御币普通攻击0303_2,1,1,2,1.5,1,1,0,0,2500,0,0,0,0,1,2,0,0,0,0,1,1,0,0,0,0,0,0,BasicAttack,0,0,0,2,1,Eff/Tower/eff_summoner_basicattack/,eff_summoner_basicattack,MainWeapon,OffWeapon,1,0,eff_hit_jinzhanmofa.ccbi,0,0,0,0,L1_BasicAttack,icn_ABulletStorm.png,onAttackCB,0,0,,0,0,0
summoner_basicattack0305_3,御币普通攻击0305_3,1,1,2,1.5,1,1,0,0,2500,0,0,0,0,1,2,0,0,0,0,1,1,0,0,0,0,0,0,BasicAttack,0,0,0,2,1,Eff/Tower/eff_summoner_basicattack/,eff_summoner_basicattack,MainWeapon,OffWeapon,1,0,eff_hit_jinzhanmofa.ccbi,0,0,0,0,L1_BasicAttack,icn_ABulletStorm.png,onAttackCB,0,0,,0,0,0
summoner_basicattack0305_4,御币普通攻击0305_4,1,1,2,1.5,1,1,0,0,2500,0,0,0,0,1,2,0,0,0,0,1,1,0,0,0,0,0,0,BasicAttack,0,0,0,2,1,Eff/Tower/eff_summoner_basicattack/,eff_summoner_basicattack,MainWeapon,OffWeapon,1,0,eff_hit_jinzhanmofa.ccbi,0,0,0,0,L1_BasicAttack,icn_ABulletStorm.png,onAttackCB,0,0,,0,0,0
boxer_basicattack0101,拳带普通攻击1,1,1,2,1,1,1,0,0,900,0,0,0,0,1,2,0,1,1,0,0,0,0,0,0,0,0,0,BasicAttack,0,0,1,1,1,,,MainWeapon,OffWeapon,0,0,eff_hit_jinzhanwuli.ccbi,0,0,0,0,L1_BasicAttack,icn_ABulletStorm.png,onAttackCB1,onAttackCB2,0,,0,0,0
boxer_basicattack0103_1,拳带普通攻击3_1,1,1,2,1,1,1,0,0,900,0,0,0,0,1,2,0,1,1,0,0,0,0,0,0,0,0,0,BasicAttack,0,0,1,1,1,,,MainWeapon,OffWeapon,0,0,eff_hit_jinzhanwuli.ccbi,0,0,0,0,L1_BasicAttack,icn_ABulletStorm.png,onAttackCB1,onAttackCB2,0,,0,0,0
boxer_basicattack0105_1,拳带普通攻击5_1,1,1,2,1,1,1,0,0,900,0,0,0,0,1,2,0,1,1,0,0,0,0,0,0,0,0,0,BasicAttack,0,0,1,1,1,,,MainWeapon,OffWeapon,0,0,eff_hit_jinzhanwuli.ccbi,0,0,0,0,L1_BasicAttack,icn_ABulletStorm.png,onAttackCB1,onAttackCB2,0,,0,0,0
boxer_basicattack0105_2,拳带普通攻击5_2,1,1,2,1,1,1,0,0,900,0,0,0,0,1,2,0,1,1,0,0,0,0,0,0,0,0,0,BasicAttack,0,0,1,1,1,,,MainWeapon,OffWeapon,0,0,eff_hit_jinzhanwuli.ccbi,0,0,0,0,L1_BasicAttack,icn_ABulletStorm.png,onAttackCB1,onAttackCB2,0,,0,0,0
boxer_basicattack0103_2,拳带普通攻击3_2,1,1,2,1,1,1,0,0,900,0,0,0,0,1,2,0,1,1,0,0,0,0,0,0,0,0,0,BasicAttack,0,0,1,1,1,,,MainWeapon,OffWeapon,0,0,eff_hit_jinzhanwuli.ccbi,0,0,0,0,L1_BasicAttack,icn_ABulletStorm.png,onAttackCB1,onAttackCB2,0,,0,0,0
boxer_basicattack0105_3,拳带普通攻击5_3,1,1,2,1,1,1,0,0,900,0,0,0,0,1,2,0,1,1,0,0,0,0,0,0,0,0,0,BasicAttack,0,0,1,1,1,,,MainWeapon,OffWeapon,0,0,eff_hit_jinzhanwuli.ccbi,0,0,0,0,L1_BasicAttack,icn_ABulletStorm.png,onAttackCB1,onAttackCB2,0,,0,0,0
boxer_basicattack0105_4,拳带普通攻击5_4,1,1,2,1,1,1,0,0,900,0,0,0,0,1,2,0,1,1,0,0,0,0,0,0,0,0,0,BasicAttack,0,0,1,1,1,,,MainWeapon,OffWeapon,0,0,eff_hit_jinzhanwuli.ccbi,0,0,0,0,L1_BasicAttack,icn_ABulletStorm.png,onAttackCB1,onAttackCB2,0,,0,0,0
boxer_basicattack0201,拳套普通攻击1,1,1,2,1,1,1,0,0,900,0,0,0,0,1,2,0,1,1,0,0,0,0,0,0,0,0,0,BasicAttack,0,0,1,1,1,,,MainWeapon,OffWeapon,0,0,eff_hit_jinzhanwuli.ccbi,0,0,0,0,L1_BasicAttack,icn_ABulletStorm.png,onAttackCB1,onAttackCB2,0,,0,0,0
boxer_basicattack0203_1,拳套普通攻击3_1,1,1,2,1,1,1,0,0,900,0,0,0,0,1,2,0,1,1,0,0,0,0,0,0,0,0,0,BasicAttack,0,0,1,1,1,,,MainWeapon,OffWeapon,0,0,eff_hit_jinzhanwuli.ccbi,0,0,0,0,L1_BasicAttack,icn_ABulletStorm.png,onAttackCB1,onAttackCB2,0,,0,0,0
boxer_basicattack0205_1,拳套普通攻击5_1,1,1,2,1,1,1,0,0,900,0,0,0,0,1,2,0,1,1,0,0,0,0,0,0,0,0,0,BasicAttack,0,0,1,1,1,,,MainWeapon,OffWeapon,0,0,eff_hit_jinzhanwuli.ccbi,0,0,0,0,L1_BasicAttack,icn_ABulletStorm.png,onAttackCB1,onAttackCB2,0,,0,0,0
boxer_basicattack0205_2,拳套普通攻击5_2,1,1,2,1,1,1,0,0,900,0,0,0,0,1,2,0,1,1,0,0,0,0,0,0,0,0,0,BasicAttack,0,0,1,1,1,,,MainWeapon,OffWeapon,0,0,eff_hit_jinzhanwuli.ccbi,0,0,0,0,L1_BasicAttack,icn_ABulletStorm.png,onAttackCB1,onAttackCB2,0,,0,0,0
boxer_basicattack0203_2,拳套普通攻击3_2,1,1,2,1,1,1,0,0,900,0,0,0,0,1,2,0,1,1,0,0,0,0,0,0,0,0,0,BasicAttack,0,0,1,1,1,,,MainWeapon,OffWeapon,0,0,eff_hit_jinzhanwuli.ccbi,0,0,0,0,L1_BasicAttack,icn_ABulletStorm.png,onAttackCB1,onAttackCB2,0,,0,0,0
boxer_basicattack0205_3,拳套普通攻击5_3,1,1,2,1,1,1,0,0,900,0,0,0,0,1,2,0,1,1,0,0,0,0,0,0,0,0,0,BasicAttack,0,0,1,1,1,,,MainWeapon,OffWeapon,0,0,eff_hit_jinzhanwuli.ccbi,0,0,0,0,L1_BasicAttack,icn_ABulletStorm.png,onAttackCB1,onAttackCB2,0,,0,0,0
boxer_basicattack0205_4,拳套普通攻击5_4,1,1,2,1,1,1,0,0,900,0,0,0,0,1,2,0,1,1,0,0,0,0,0,0,0,0,0,BasicAttack,0,0,1,1,1,,,MainWeapon,OffWeapon,0,0,eff_hit_jinzhanwuli.ccbi,0,0,0,0,L1_BasicAttack,icn_ABulletStorm.png,onAttackCB1,onAttackCB2,0,,0,0,0
boxer_basicattack0301,护腕普通攻击1,1,1,2,1,1,1,0,0,900,0,0,0,0,1,2,0,1,1,0,0,0,0,0,0,0,0,0,BasicAttack,0,0,1,1,1,,,MainWeapon,OffWeapon,0,0,eff_hit_jinzhanwuli.ccbi,0,0,0,0,L1_BasicAttack,icn_ABulletStorm.png,onAttackCB1,onAttackCB2,0,,0,0,0
boxer_basicattack0303_1,护腕普通攻击3_1,1,1,2,1,1,1,0,0,900,0,0,0,0,1,2,0,1,1,0,0,0,0,0,0,0,0,0,BasicAttack,0,0,1,1,1,,,MainWeapon,OffWeapon,0,0,eff_hit_jinzhanwuli.ccbi,0,0,0,0,L1_BasicAttack,icn_ABulletStorm.png,onAttackCB1,onAttackCB2,0,,0,0,0
boxer_basicattack0305_1,护腕普通攻击5_1,1,1,2,1,1,1,0,0,900,0,0,0,0,1,2,0,1,1,0,0,0,0,0,0,0,0,0,BasicAttack,0,0,1,1,1,,,MainWeapon,OffWeapon,0,0,eff_hit_jinzhanwuli.ccbi,0,0,0,0,L1_BasicAttack,icn_ABulletStorm.png,onAttackCB1,onAttackCB2,0,,0,0,0
boxer_basicattack0305_2,护腕普通攻击5_2,1,1,2,1,1,1,0,0,900,0,0,0,0,1,2,0,1,1,0,0,0,0,0,0,0,0,0,BasicAttack,0,0,1,1,1,,,MainWeapon,OffWeapon,0,0,eff_hit_jinzhanwuli.ccbi,0,0,0,0,L1_BasicAttack,icn_ABulletStorm.png,onAttackCB1,onAttackCB2,0,,0,0,0
boxer_basicattack0303_2,护腕普通攻击3_2,1,1,2,1,1,1,0,0,900,0,0,0,0,1,2,0,1,1,0,0,0,0,0,0,0,0,0,BasicAttack,0,0,1,1,1,,,MainWeapon,OffWeapon,0,0,eff_hit_jinzhanwuli.ccbi,0,0,0,0,L1_BasicAttack,icn_ABulletStorm.png,onAttackCB1,onAttackCB2,0,,0,0,0
boxer_basicattack0305_3,护腕普通攻击5_3,1,1,2,1,1,1,0,0,900,0,0,0,0,1,2,0,1,1,0,0,0,0,0,0,0,0,0,BasicAttack,0,0,1,1,1,,,MainWeapon,OffWeapon,0,0,eff_hit_jinzhanwuli.ccbi,0,0,0,0,L1_BasicAttack,icn_ABulletStorm.png,onAttackCB1,onAttackCB2,0,,0,0,0
boxer_basicattack0305_4,护腕普通攻击5_4,1,1,2,1,1,1,0,0,900,0,0,0,0,1,2,0,1,1,0,0,0,0,0,0,0,0,0,BasicAttack,0,0,1,1,1,,,MainWeapon,OffWeapon,0,0,eff_hit_jinzhanwuli.ccbi,0,0,0,0,L1_BasicAttack,icn_ABulletStorm.png,onAttackCB1,onAttackCB2,0,,0,0,0
SAttack1,进攻术1,4,1,1,0,1,0,0,0,0,12,0,0,0,2,0,0,0,0,0,0,0,5000,0,8,2,1.5,0,0,0,0,0,1,0,0,0,MainWeapon,OffWeapon,0,0,0,0,0,0,0,0,icn_ABulletStorm.png,0,0,0,,0,0,0
SAttack2,进攻术2,4,1,1,0,1,0,0,0,0,15,0,0,0,2,0,0,0,0,0,0,0,5000,0,8,2,1.5,0,0,0,0,0,1,0,0,0,MainWeapon,OffWeapon,0,0,0,0,0,0,0,0,icn_ABulletStorm.png,0,0,0,,0,0,0
SAttack3,进攻术3,4,1,1,0,1,0,0,0,0,18,0,0,0,2,0,0,0,0,0,0,0,5000,0,8,2,1.5,0,0,0,0,0,1,0,0,0,MainWeapon,OffWeapon,0,0,0,0,0,0,0,0,icn_ABulletStorm.png,0,0,0,,0,0,0
SAttack4,进攻术4,4,1,1,0,1,0,0,0,0,21,0,0,0,2,0,0,0,0,0,0,0,5000,0,8,2,1.5,0,0,0,0,0,1,0,0,0,MainWeapon,OffWeapon,0,0,0,0,0,0,0,0,icn_ABulletStorm.png,0,0,0,,0,0,0
SAttack5,进攻术5,4,1,1,0,1,0,0,0,0,27,0,0,0,2,0,0,0,0,0,0,0,5000,0,8,2,1.5,0,0,0,0,0,1,0,0,0,MainWeapon,OffWeapon,0,0,0,0,0,0,0,0,icn_ABulletStorm.png,0,0,0,,0,0,0
SWisdom1,智慧术1,4,1,1,0,1,0,0,0,0,12,0,0,0,2,0,0,0,0,0,0,0,5000,0,8,2,1.5,0,0,0,0,0,1,0,0,0,MainWeapon,OffWeapon,0,0,0,0,0,0,0,0,icn_ABulletStorm.png,0,0,0,,0,0,0
SWisdom2,智慧术2,4,1,1,0,1,0,0,0,0,15,0,0,0,2,0,0,0,0,0,0,0,5000,0,8,2,1.5,0,0,0,0,0,1,0,0,0,MainWeapon,OffWeapon,0,0,0,0,0,0,0,0,icn_ABulletStorm.png,0,0,0,,0,0,0
SWisdom3,智慧术3,4,1,1,0,1,0,0,0,0,18,0,0,0,2,0,0,0,0,0,0,0,5000,0,8,2,1.5,0,0,0,0,0,1,0,0,0,MainWeapon,OffWeapon,0,0,0,0,0,0,0,0,icn_ABulletStorm.png,0,0,0,,0,0,0
SWisdom4,智慧术4,4,1,1,0,1,0,0,0,0,21,0,0,0,2,0,0,0,0,0,0,0,5000,0,8,2,1.5,0,0,0,0,0,1,0,0,0,MainWeapon,OffWeapon,0,0,0,0,0,0,0,0,icn_ABulletStorm.png,0,0,0,,0,0,0
SWisdom5,智慧术5,4,1,1,0,1,0,0,0,0,27,0,0,0,2,0,0,0,0,0,0,0,5000,0,8,2,1.5,0,0,0,0,0,1,0,0,0,MainWeapon,OffWeapon,0,0,0,0,0,0,0,0,icn_ABulletStorm.png,0,0,0,,0,0,0
Sactuary1,精算术1,4,1,1,0,1,0,0,0,0,12,0,0,0,2,0,0,0,0,0,0,0,5000,0,9,2,1.5,0,0,0,0,0,1,0,0,0,MainWeapon,OffWeapon,0,0,0,0,0,0,0,0,icn_ABulletStorm.png,0,0,0,,0,0,0
Sactuary2,精算术2,4,1,1,0,1,0,0,0,0,15,0,0,0,2,0,0,0,0,0,0,0,5000,0,9,2,1.5,0,0,0,0,0,1,0,0,0,MainWeapon,OffWeapon,0,0,0,0,0,0,0,0,icn_ABulletStorm.png,0,0,0,,0,0,0
Sactuary3,精算术3,4,1,1,0,1,0,0,0,0,18,0,0,0,2,0,0,0,0,0,0,0,5000,0,9,2,1.5,0,0,0,0,0,1,0,0,0,MainWeapon,OffWeapon,0,0,0,0,0,0,0,0,icn_ABulletStorm.png,0,0,0,,0,0,0
Sactuary4,精算术4,4,1,1,0,1,0,0,0,0,21,0,0,0,2,0,0,0,0,0,0,0,5000,0,9,2,1.5,0,0,0,0,0,1,0,0,0,MainWeapon,OffWeapon,0,0,0,0,0,0,0,0,icn_ABulletStorm.png,0,0,0,,0,0,0
Sactuary5,精算术5,4,1,1,0,1,0,0,0,0,27,0,0,0,2,0,0,0,0,0,0,0,5000,0,9,2,1.5,0,0,0,0,0,1,0,0,0,MainWeapon,OffWeapon,0,0,0,0,0,0,0,0,icn_ABulletStorm.png,0,0,0,,0,0,0
SharpEye1,鹰眼术1,4,1,1,0,1,0,0,0,0,12,0,0,0,2,0,0,0,0,0,0,0,5000,0,6,2,1.5,0,0,0,0,0,1,0,0,0,MainWeapon,OffWeapon,0,0,0,0,0,0,0,0,icn_ABulletStorm.png,0,0,0,,0,0,0
SharpEye2,鹰眼术2,4,1,1,0,1,0,0,0,0,15,0,0,0,2,0,0,0,0,0,0,0,5000,0,6,2,1.5,0,0,0,0,0,1,0,0,0,MainWeapon,OffWeapon,0,0,0,0,0,0,0,0,icn_ABulletStorm.png,0,0,0,,0,0,0
SharpEye3,鹰眼术3,4,1,1,0,1,0,0,0,0,18,0,0,0,2,0,0,0,0,0,0,0,5000,0,6,2,1.5,0,0,0,0,0,1,0,0,0,MainWeapon,OffWeapon,0,0,0,0,0,0,0,0,icn_ABulletStorm.png,0,0,0,,0,0,0
SharpEye4,鹰眼术4,4,1,1,0,1,0,0,0,0,21,0,0,0,2,0,0,0,0,0,0,0,5000,0,6,2,1.5,0,0,0,0,0,1,0,0,0,MainWeapon,OffWeapon,0,0,0,0,0,0,0,0,icn_ABulletStorm.png,0,0,0,,0,0,0
SharpEye5,鹰眼术5,4,1,1,0,1,0,0,0,0,27,0,0,0,2,0,0,0,0,0,0,0,5000,0,6,2,1.5,0,0,0,0,0,1,0,0,0,MainWeapon,OffWeapon,0,0,0,0,0,0,0,0,icn_ABulletStorm.png,0,0,0,,0,0,0
SHaste1,急速术1,4,1,1,0,1,0,0,0,0,12,0,0,0,2,0,0,0,0,0,0,0,5000,0,5,2,1.5,0,0,0,0,0,1,0,0,0,MainWeapon,OffWeapon,0,0,0,0,0,0,0,0,icn_ABulletStorm.png,0,0,0,,0,0,0
SHaste2,急速术2,4,1,1,0,1,0,0,0,0,15,0,0,0,2,0,0,0,0,0,0,0,5000,0,5,2,1.5,0,0,0,0,0,1,0,0,0,MainWeapon,OffWeapon,0,0,0,0,0,0,0,0,icn_ABulletStorm.png,0,0,0,,0,0,0
SHaste3,急速术3,4,1,1,0,1,0,0,0,0,18,0,0,0,2,0,0,0,0,0,0,0,5000,0,5,2,1.5,0,0,0,0,0,1,0,0,0,MainWeapon,OffWeapon,0,0,0,0,0,0,0,0,icn_ABulletStorm.png,0,0,0,,0,0,0
SHaste4,急速术4,4,1,1,0,1,0,0,0,0,21,0,0,0,2,0,0,0,0,0,0,0,5000,0,5,2,1.5,0,0,0,0,0,1,0,0,0,MainWeapon,OffWeapon,0,0,0,0,0,0,0,0,icn_ABulletStorm.png,0,0,0,,0,0,0
SHaste5,急速术5,4,1,1,0,1,0,0,0,0,27,0,0,0,2,0,0,0,0,0,0,0,5000,0,5,2,1.5,0,0,0,0,0,1,0,0,0,MainWeapon,OffWeapon,0,0,0,0,0,0,0,0,icn_ABulletStorm.png,0,0,0,,0,0,0
SPhysicPenetration1,破甲术1,4,1,1,0,1,0,0,0,0,12,0,0,0,2,0,0,0,0,0,0,0,5000,0,10,2,1.5,0,0,0,0,0,1,0,0,0,MainWeapon,OffWeapon,0,0,0,0,0,0,0,0,icn_ABulletStorm.png,0,0,0,,0,0,0
SPhysicPenetration2,破甲术2,4,1,1,0,1,0,0,0,0,15,0,0,0,2,0,0,0,0,0,0,0,5000,0,10,2,1.5,0,0,0,0,0,1,0,0,0,MainWeapon,OffWeapon,0,0,0,0,0,0,0,0,icn_ABulletStorm.png,0,0,0,,0,0,0
SPhysicPenetration3,破甲术3,4,1,1,0,1,0,0,0,0,18,0,0,0,2,0,0,0,0,0,0,0,5000,0,10,2,1.5,0,0,0,0,0,1,0,0,0,MainWeapon,OffWeapon,0,0,0,0,0,0,0,0,icn_ABulletStorm.png,0,0,0,,0,0,0
SPhysicPenetration4,破甲术4,4,1,1,0,1,0,0,0,0,21,0,0,0,2,0,0,0,0,0,0,0,5000,0,10,2,1.5,0,0,0,0,0,1,0,0,0,MainWeapon,OffWeapon,0,0,0,0,0,0,0,0,icn_ABulletStorm.png,0,0,0,,0,0,0
SPhysicPenetration5,破甲术5,4,1,1,0,1,0,0,0,0,27,0,0,0,2,0,0,0,0,0,0,0,5000,0,10,2,1.5,0,0,0,0,0,1,0,0,0,MainWeapon,OffWeapon,0,0,0,0,0,0,0,0,icn_ABulletStorm.png,0,0,0,,0,0,0
SMagicPenetration1,穿透术1,4,1,1,0,1,0,0,0,0,12,0,0,0,2,0,0,0,0,0,0,0,5000,0,10,2,1.5,0,0,0,0,0,1,0,0,0,MainWeapon,OffWeapon,0,0,0,0,0,0,0,0,icn_ABulletStorm.png,0,0,0,,0,0,0
SMagicPenetration2,穿透术2,4,1,1,0,1,0,0,0,0,15,0,0,0,2,0,0,0,0,0,0,0,5000,0,10,2,1.5,0,0,0,0,0,1,0,0,0,MainWeapon,OffWeapon,0,0,0,0,0,0,0,0,icn_ABulletStorm.png,0,0,0,,0,0,0
SMagicPenetration3,穿透术3,4,1,1,0,1,0,0,0,0,18,0,0,0,2,0,0,0,0,0,0,0,5000,0,10,2,1.5,0,0,0,0,0,1,0,0,0,MainWeapon,OffWeapon,0,0,0,0,0,0,0,0,icn_ABulletStorm.png,0,0,0,,0,0,0
SMagicPenetration4,穿透术4,4,1,1,0,1,0,0,0,0,21,0,0,0,2,0,0,0,0,0,0,0,5000,0,10,2,1.5,0,0,0,0,0,1,0,0,0,MainWeapon,OffWeapon,0,0,0,0,0,0,0,0,icn_ABulletStorm.png,0,0,0,,0,0,0
SMagicPenetration5,穿透术5,4,1,1,0,1,0,0,0,0,27,0,0,0,2,0,0,0,0,0,0,0,5000,0,10,2,1.5,0,0,0,0,0,1,0,0,0,MainWeapon,OffWeapon,0,0,0,0,0,0,0,0,icn_ABulletStorm.png,0,0,0,,0,0,0
AThunderSlash1,落雷斩1,2,1,1,0,1,3,7,100,0,0,0,0,0,2,0,0,0,0,0,0,0,10000,0,11,1,10000,0,Prepare,AThunderSlash,0,0,1,1,0,0,MainWeapon,OffWeapon,0,0,eff_hit_jinzhanwuli.ccbi,0,0,eff_gameability_banner_swordman.ccbi,落雷斩,0,icn_ABulletStorm.png,onAThunderSlashCB,0,0,,0,Eff/Tower/eff_swordsman_AThunderSlash,eff_swordsman_AThunderSlash
AThunderSlash2,落雷斩2,2,1,1,0,1,3,7,100,0,0,0,0,0,2,0,0,0,0,0,0,0,10000,0,11,1,10000,0,Prepare,AThunderSlash,0,0,1,1,0,0,MainWeapon,OffWeapon,0,0,eff_hit_jinzhanwuli.ccbi,0,0,eff_gameability_banner_swordman.ccbi,落雷斩,0,icn_ABulletStorm.png,onAThunderSlashCB,0,0,,0,Eff/Tower/eff_swordsman_AThunderSlash,eff_swordsman_AThunderSlash
AThunderSlash3,落雷斩3,2,1,1,0,1,3,7,100,0,0,0,0,0,2,0,0,0,0,0,0,0,10000,0,11,1,10000,0,Prepare,AThunderSlash,0,0,1,1,0,0,MainWeapon,OffWeapon,0,0,eff_hit_jinzhanwuli.ccbi,0,0,eff_gameability_banner_swordman.ccbi,落雷斩,0,icn_ABulletStorm.png,onAThunderSlashCB,0,0,,0,Eff/Tower/eff_swordsman_AThunderSlash,eff_swordsman_AThunderSlash
AThunderSlash4,落雷斩4,2,1,1,0,1,3,7,100,0,0,0,0,0,2,0,0,0,0,0,0,0,10000,0,11,1,10000,0,Prepare,AThunderSlash,0,0,1,1,0,0,MainWeapon,OffWeapon,0,0,eff_hit_jinzhanwuli.ccbi,0,0,eff_gameability_banner_swordman.ccbi,落雷斩,0,icn_ABulletStorm.png,onAThunderSlashCB,0,0,,0,Eff/Tower/eff_swordsman_AThunderSlash,eff_swordsman_AThunderSlash
AThunderSlash5,落雷斩5,2,1,1,0,1,3,7,100,0,0,0,0,0,2,0,0,0,0,0,0,0,10000,0,11,1,10000,0,Prepare,AThunderSlash,0,0,1,1,0,0,MainWeapon,OffWeapon,0,0,eff_hit_jinzhanwuli.ccbi,0,0,eff_gameability_banner_swordman.ccbi,落雷斩,0,icn_ABulletStorm.png,onAThunderSlashCB,0,0,,0,Eff/Tower/eff_swordsman_AThunderSlash,eff_swordsman_AThunderSlash
ADarkSlash1,暗灭斩1,2,1,1,0,1,3,7,100,0,0,0,0,0,2,0,0,0,0,0,0,0,10000,0,4,2,1.2,0,Prepare,ADarkSlash,0,0,1,1,0,0,MainWeapon,OffWeapon,0,0,eff_hit_jinzhanwuli.ccbi,0,0,eff_gameability_banner_swordman.ccbi,暗灭斩,0,icn_ABulletStorm.png,onADarkSlashCB,0,0,,0,,0
ADarkSlash2,暗灭斩2,2,1,1,0,1,3,7,100,0,0,0,0,0,2,0,0,0,0,0,0,0,10000,0,4,2,1.3,0,Prepare,ADarkSlash,0,0,1,1,0,0,MainWeapon,OffWeapon,0,0,eff_hit_jinzhanwuli.ccbi,0,0,eff_gameability_banner_swordman.ccbi,暗灭斩,0,icn_ABulletStorm.png,onADarkSlashCB,0,0,,0,0,0
ADarkSlash3,暗灭斩3,2,1,1,0,1,3,7,100,0,0,0,0,0,2,0,0,0,0,0,0,0,10000,0,4,2,1.4,0,Prepare,ADarkSlash,0,0,1,1,0,0,MainWeapon,OffWeapon,0,0,eff_hit_jinzhanwuli.ccbi,0,0,eff_gameability_banner_swordman.ccbi,暗灭斩,0,icn_ABulletStorm.png,onADarkSlashCB,0,0,,0,0,0
ADarkSlash4,暗灭斩4,2,1,1,0,1,3,7,100,0,0,0,0,0,2,0,0,0,0,0,0,0,10000,0,4,2,1.5,0,Prepare,ADarkSlash,0,0,1,1,0,0,MainWeapon,OffWeapon,0,0,eff_hit_jinzhanwuli.ccbi,0,0,eff_gameability_banner_swordman.ccbi,暗灭斩,0,icn_ABulletStorm.png,onADarkSlashCB,0,0,,0,0,0
ADarkSlash5,暗灭斩5,2,1,1,0,1,3,7,100,0,0,0,0,0,2,0,0,0,0,0,0,0,10000,0,4,2,1.6,0,Prepare,ADarkSlash,0,0,1,1,0,0,MainWeapon,OffWeapon,0,0,eff_hit_jinzhanwuli.ccbi,0,0,eff_gameability_banner_swordman.ccbi,暗灭斩,0,icn_ABulletStorm.png,onADarkSlashCB,0,0,,0,0,0
APiercingHowl1,刺耳怒吼1,2,2,2,2,1,2,7,100,0,0,0,0,0,1,1,0,1.5,1.5,0,0,0,0,0,0,0,0,0,Prepare,APiercingHowl,0,0,1,1,0,0,MainWeapon,OffWeapon,0,0,eff_hit_jinzhanwuli.ccbi,0,0,eff_gameability_banner_swordman.ccbi,刺耳怒吼,0,icn_ABulletStorm.png,onAPiercingHowlCB,0,0,,0,0,0
APiercingHowl2,刺耳怒吼2,2,2,2,2,1,2,7,100,0,0,0,0,0,1,1,0,1.6,1.6,0,0,0,0,0,0,0,0,0,Prepare,APiercingHowl,0,0,1,1,0,0,MainWeapon,OffWeapon,0,0,eff_hit_jinzhanwuli.ccbi,0,0,eff_gameability_banner_swordman.ccbi,刺耳怒吼,0,icn_ABulletStorm.png,onAPiercingHowlCB,0,0,,0,0,0
APiercingHowl3,刺耳怒吼3,2,2,2,2,1,2,7,100,0,0,0,0,0,1,1,0,1.6,1.6,0,0,0,0,0,0,0,0,0,Prepare,APiercingHowl,0,0,1,1,0,0,MainWeapon,OffWeapon,0,0,eff_hit_jinzhanwuli.ccbi,0,0,eff_gameability_banner_swordman.ccbi,刺耳怒吼,0,icn_ABulletStorm.png,onAPiercingHowlCB,0,0,,0,0,0
APiercingHowl4,刺耳怒吼4,2,2,2,2,1,2,7,100,0,0,0,0,0,1,1,0,1.6,1.6,0,0,0,0,0,0,0,0,0,Prepare,APiercingHowl,0,0,1,1,0,0,MainWeapon,OffWeapon,0,0,eff_hit_jinzhanwuli.ccbi,0,0,eff_gameability_banner_swordman.ccbi,刺耳怒吼,0,icn_ABulletStorm.png,onAPiercingHowlCB,0,0,,0,0,0
APiercingHowl5,刺耳怒吼5,2,2,2,2,1,2,7,100,0,0,0,0,0,1,1,0,1.6,1.6,0,0,0,0,0,0,0,0,0,Prepare,APiercingHowl,0,0,1,1,0,0,MainWeapon,OffWeapon,0,0,eff_hit_jinzhanwuli.ccbi,0,0,eff_gameability_banner_swordman.ccbi,刺耳怒吼,0,icn_ABulletStorm.png,onAPiercingHowlCB,0,0,,0,0,0
AWhirlwind1,剑刃风暴1,2,2,2,1,1,4,7,100,0,0,0,0,0,1,1,0,0.3,0.3,0,0,0,0,0,0,0,0,0,Prepare,AWhirlwind,0,0,1,5,0,0,MainWeapon,OffWeapon,0,0,eff_hit_jinzhanwuli.ccbi,0,0,eff_gameability_banner_swordman.ccbi,剑刃风暴,L1_AWhirlwind,icn_AWhirlwind.png,onAWhirlwindCB,0,onSoundCB,sound_swordman_wheelwind,0,0,0
AWhirlwind2,剑刃风暴2,2,2,2,1,1,4,7,100,0,0,0,0,0,1,1,0,0.3,0.3,0,0,0,0,0,0,0,0,0,Prepare,AWhirlwind,0,0,1,6,0,0,MainWeapon,OffWeapon,0,0,eff_hit_jinzhanwuli.ccbi,0,0,eff_gameability_banner_swordman.ccbi,剑刃风暴,L1_AWhirlwind,icn_AWhirlwind.png,onAWhirlwindCB,0,onSoundCB,sound_swordman_wheelwind,0,0,0
AWhirlwind3,剑刃风暴3,2,2,2,1,1,4,7,100,0,0,0,0,0,1,1,0,0.3,0.3,0,0,0,0,0,0,0,0,0,Prepare,AWhirlwind,0,0,1,7,0,0,MainWeapon,OffWeapon,0,0,eff_hit_jinzhanwuli.ccbi,0,0,eff_gameability_banner_swordman.ccbi,剑刃风暴,L3_AWhirlwind,icn_AWhirlwind.png,onAWhirlwindCB,0,onSoundCB,sound_swordman_wheelwind,0,0,0
AWhirlwind4,剑刃风暴4,2,2,2,1,1,4,7,100,0,0,0,0,0,1,1,0,0.3,0.3,0,0,0,0,0,0,0,0,0,Prepare,AWhirlwind,0,0,1,8,0,0,MainWeapon,OffWeapon,0,0,eff_hit_jinzhanwuli.ccbi,0,0,eff_gameability_banner_swordman.ccbi,剑刃风暴,L3_AWhirlwind,icn_AWhirlwind.png,onAWhirlwindCB,0,onSoundCB,sound_swordman_wheelwind,0,0,0
AWhirlwind5,剑刃风暴5,2,2,2,1,1,4,7,100,0,0,0,0,0,1,1,0,0.3,0.3,0,0,0,0,0,0,0,0,0,Prepare,AWhirlwind,0,0,1,10,0,0,MainWeapon,OffWeapon,0,0,eff_hit_jinzhanwuli.ccbi,0,0,eff_gameability_banner_swordman.ccbi,剑刃风暴,L5_AWhirlwind,icn_AWhirlwind.png,onAWhirlwindCB,0,onSoundCB,sound_swordman_wheelwind,0,0,0
PWhirlwind1,被动旋风斩1,4,2,2,1,1,4,0,0,0,12,0,0,0,1,1,0,1.2,1.2,0,0,0,0,0,0,0,0,0,PWhirlwind,0,0,0,1,1,0,0,MainWeapon,OffWeapon,0,0,eff_hit_jinzhanwuli.ccbi,0,0,0,被动旋风斩,L1_PWhirlwind,icn_ABulletStorm.png,onPWhirlwindCB,0,onSoundCB,sound_swordman_wheelwind,0,0,0
PWhirlwind2,被动旋风斩2,4,2,2,1,1,4,0,0,0,15,0,0,0,1,1,0,1.3,1.3,0,0,0,0,0,0,0,0,0,PWhirlwind,0,0,0,1,1,0,0,MainWeapon,OffWeapon,0,0,eff_hit_jinzhanwuli.ccbi,0,0,0,被动旋风斩,L1_PWhirlwind,icn_ABulletStorm.png,onPWhirlwindCB,0,onSoundCB,sound_swordman_wheelwind,0,0,0
PWhirlwind3,被动旋风斩3,4,2,2,1,1,4,0,0,0,18,0,0,0,1,1,0,1.5,1.5,0,0,0,0,0,0,0,0,0,PWhirlwind,0,0,0,1,1,0,0,MainWeapon,OffWeapon,0,0,eff_hit_jinzhanwuli.ccbi,0,0,0,被动旋风斩,L3_PWhirlwind,icn_ABulletStorm.png,onPWhirlwindCB,0,onSoundCB,sound_swordman_wheelwind,0,0,0
PWhirlwind4,被动旋风斩4,4,2,2,1,1,4,0,0,0,21,0,0,0,1,1,0,1.7,1.7,0,0,0,0,0,0,0,0,0,PWhirlwind,0,0,0,1,1,0,0,MainWeapon,OffWeapon,0,0,eff_hit_jinzhanwuli.ccbi,0,0,0,被动旋风斩,L3_PWhirlwind,icn_ABulletStorm.png,onPWhirlwindCB,0,onSoundCB,sound_swordman_wheelwind,0,0,0
PWhirlwind5,被动旋风斩5,4,2,2,1,1,4,0,0,0,27,0,0,0,1,1,0,2,2,0,0,0,0,0,0,0,0,0,PWhirlwind,0,0,0,1,1,0,0,MainWeapon,OffWeapon,0,0,eff_hit_jinzhanwuli.ccbi,0,0,0,被动旋风斩,L5_PWhirlwind,icn_ABulletStorm.png,onPWhirlwindCB,0,onSoundCB,sound_swordman_wheelwind,0,0,0
PSmite1,盾牌猛击1,4,1,2,1.2,1,4,0,0,0,12,0,0,0,1,1,0,1,1,0,0,0,1500,0,0,0,0,2,PSmite,0,0,1,1,1,0,eff_swordsman_PSmite.ccbi,MainWeapon,OffWeapon,0,0,eff_hit_jinzhanwuli.ccbi,Eff/Monster/Stun_E_Hit,Stun_E_Hit,0,盾牌猛击,0,icn_ABulletStorm.png,onPSmiteCB,0,0,0,0,0,0
PSmite2,盾牌猛击2,4,1,2,1.2,1,4,0,0,0,15,0,0,0,1,1,0,1,1,0,0,0,1800,0,0,0,0,2,PSmite,0,0,1,1,1,0,eff_swordsman_PSmite.ccbi,MainWeapon,OffWeapon,0,0,eff_hit_jinzhanwuli.ccbi,Eff/Monster/Stun_E_Hit,Stun_E_Hit,0,盾牌猛击,0,icn_ABulletStorm.png,onPSmiteCB,0,0,0,0,0,0
PSmite3,盾牌猛击3,4,1,2,1.2,1,4,0,0,0,18,0,0,0,1,1,0,1,1,0,0,0,2100,0,0,0,0,2,PSmite,0,0,1,1,1,0,eff_swordsman_PSmite.ccbi,MainWeapon,OffWeapon,0,0,eff_hit_jinzhanwuli.ccbi,Eff/Monster/Stun_E_Hit,Stun_E_Hit,0,盾牌猛击,0,icn_ABulletStorm.png,onPSmiteCB,0,0,0,0,0,0
PSmite4,盾牌猛击4,4,1,2,1.2,1,4,0,0,0,21,0,0,0,1,1,0,1,1,0,0,0,2400,0,0,0,0,2,PSmite,0,0,1,1,1,0,eff_swordsman_PSmite.ccbi,MainWeapon,OffWeapon,0,0,eff_hit_jinzhanwuli.ccbi,Eff/Monster/Stun_E_Hit,Stun_E_Hit,0,盾牌猛击,0,icn_ABulletStorm.png,onPSmiteCB,0,0,0,0,0,0
PSmite5,盾牌猛击5,4,1,2,1.2,1,4,0,0,0,27,0,0,0,1,1,0,1,1,0,0,0,3000,0,0,0,0,2,PSmite,0,0,1,1,1,0,eff_swordsman_PSmite.ccbi,MainWeapon,OffWeapon,0,0,eff_hit_jinzhanwuli.ccbi,Eff/Monster/Stun_E_Hit,Stun_E_Hit,0,盾牌猛击,0,icn_ABulletStorm.png,onPSmiteCB,0,0,0,0,0,0
PShieldCleave1,盾牌横扫1,4,2,3,2,1,4,0,0,0,12,0,0,0,2,0,0,0,0,0,0,0,15000,0,4,2,1.5,0,PShieldCleave,0,1,0,1,1,0,eff_swordsman_PShieldCleave.ccbi,MainWeapon,OffWeapon,0,0,eff_hit_jinzhanmofa.ccbi,0,0,0,盾牌横扫,0,icn_ABulletStorm.png,onPShieldCleaveCB,0,0,,0,0,0
PShieldCleave2,盾牌横扫2,4,2,3,2,1,4,0,0,0,15,0,0,0,2,0,0,0,0,0,0,0,15000,0,4,2,1.5,0,PShieldCleave,0,1,0,1,1,0,eff_swordsman_PShieldCleave.ccbi,MainWeapon,OffWeapon,0,0,eff_hit_jinzhanmofa.ccbi,0,0,0,盾牌横扫,0,icn_ABulletStorm.png,onPShieldCleaveCB,0,0,,0,0,0
PShieldCleave3,盾牌横扫3,4,2,3,2,1,4,0,0,0,18,0,0,0,2,0,0,0,0,0,0,0,15000,0,4,2,1.5,0,PShieldCleave,0,1,0,1,1,0,eff_swordsman_PShieldCleave.ccbi,MainWeapon,OffWeapon,0,0,eff_hit_jinzhanmofa.ccbi,0,0,0,盾牌横扫,0,icn_ABulletStorm.png,onPShieldCleaveCB,0,0,,0,0,0
PShieldCleave4,盾牌横扫4,4,2,3,2,1,4,0,0,0,21,0,0,0,2,0,0,0,0,0,0,0,15000,0,4,2,1.5,0,PShieldCleave,0,1,0,1,1,0,eff_swordsman_PShieldCleave.ccbi,MainWeapon,OffWeapon,0,0,eff_hit_jinzhanmofa.ccbi,0,0,0,盾牌横扫,0,icn_ABulletStorm.png,onPShieldCleaveCB,0,0,,0,0,0
PShieldCleave5,盾牌横扫5,4,2,3,2,1,4,0,0,0,27,0,0,0,2,0,0,0,0,0,0,0,15000,0,4,2,1.5,0,PShieldCleave,0,1,0,1,1,0,eff_swordsman_PShieldCleave.ccbi,MainWeapon,OffWeapon,0,0,eff_hit_jinzhanmofa.ccbi,0,0,0,盾牌横扫,0,icn_ABulletStorm.png,onPShieldCleaveCB,0,0,,0,0,0
PShieldSlash1,盾牌投掷1,4,2,3,2,1,4,0,0,0,12,0,0,0,2,0,0,0,0,0,0,0,15000,0,4,2,1.5,0,PShieldSlash,0,0,0,1,1,0,eff_swordsman_PShieldSlash.ccbi,MainWeapon,OffWeapon,0,0,eff_hit_jinzhanmofa.ccbi,0,0,0,盾牌投掷,0,icn_ABulletStorm.png,onPShieldSlashCB,0,0,,0,0,0
PShieldSlash2,盾牌投掷2,4,2,3,2,1,4,0,0,0,15,0,0,0,2,0,0,0,0,0,0,0,15000,0,4,2,1.5,0,PShieldSlash,0,0,0,1,1,0,eff_swordsman_PShieldSlash.ccbi,MainWeapon,OffWeapon,0,0,eff_hit_jinzhanmofa.ccbi,0,0,0,盾牌投掷,0,icn_ABulletStorm.png,onPShieldSlashCB,0,0,,0,0,0
PShieldSlash3,盾牌投掷3,4,2,3,2,1,4,0,0,0,18,0,0,0,2,0,0,0,0,0,0,0,15000,0,4,2,1.5,0,PShieldSlash,0,0,0,1,1,0,eff_swordsman_PShieldSlash.ccbi,MainWeapon,OffWeapon,0,0,eff_hit_jinzhanmofa.ccbi,0,0,0,盾牌投掷,0,icn_ABulletStorm.png,onPShieldSlashCB,0,0,,0,0,0
PShieldSlash4,盾牌投掷4,4,2,3,2,1,4,0,0,0,21,0,0,0,2,0,0,0,0,0,0,0,15000,0,4,2,1.5,0,PShieldSlash,0,0,0,1,1,0,eff_swordsman_PShieldSlash.ccbi,MainWeapon,OffWeapon,0,0,eff_hit_jinzhanmofa.ccbi,0,0,0,盾牌投掷,0,icn_ABulletStorm.png,onPShieldSlashCB,0,0,,0,0,0
PShieldSlash5,盾牌投掷5,4,2,3,2,1,4,0,0,0,27,0,0,0,2,0,0,0,0,0,0,0,15000,0,4,2,1.5,0,PShieldSlash,0,0,0,1,1,0,eff_swordsman_PShieldSlash.ccbi,MainWeapon,OffWeapon,0,0,eff_hit_jinzhanmofa.ccbi,0,0,0,盾牌投掷,0,icn_ABulletStorm.png,onPShieldSlashCB,0,0,,0,0,0
PVictoryHowl1,胜利怒吼1,4,2,3,2,1,4,0,0,0,12,0,0,0,2,0,0,0,0,0,0,0,15000,0,4,2,1.5,0,PVictoryHowl,0,0,0,1,1,0,eff_swordsman_PVictoryHowl.ccbi,MainWeapon,OffWeapon,0,0,eff_hit_jinzhanmofa.ccbi,0,0,0,胜利怒吼,0,icn_ABulletStorm.png,onPVictoryHowlCB,0,0,,0,0,0
PVictoryHowl2,胜利怒吼2,4,2,3,2,1,4,0,0,0,15,0,0,0,2,0,0,0,0,0,0,0,15000,0,4,2,1.5,0,PVictoryHowl,0,0,0,1,1,0,eff_swordsman_PVictoryHowl.ccbi,MainWeapon,OffWeapon,0,0,eff_hit_jinzhanmofa.ccbi,0,0,0,胜利怒吼,0,icn_ABulletStorm.png,onPVictoryHowlCB,0,0,,0,0,0
PVictoryHowl3,胜利怒吼3,4,2,3,2,1,4,0,0,0,18,0,0,0,2,0,0,0,0,0,0,0,15000,0,4,2,1.5,0,PVictoryHowl,0,0,0,1,1,0,eff_swordsman_PVictoryHowl.ccbi,MainWeapon,OffWeapon,0,0,eff_hit_jinzhanmofa.ccbi,0,0,0,胜利怒吼,0,icn_ABulletStorm.png,onPVictoryHowlCB,0,0,,0,0,0
PVictoryHowl4,胜利怒吼4,4,2,3,2,1,4,0,0,0,21,0,0,0,2,0,0,0,0,0,0,0,15000,0,4,2,1.5,0,PVictoryHowl,0,0,0,1,1,0,eff_swordsman_PVictoryHowl.ccbi,MainWeapon,OffWeapon,0,0,eff_hit_jinzhanmofa.ccbi,0,0,0,胜利怒吼,0,icn_ABulletStorm.png,onPVictoryHowlCB,0,0,,0,0,0
PVictoryHowl5,胜利怒吼5,4,2,3,2,1,4,0,0,0,27,0,0,0,2,0,0,0,0,0,0,0,15000,0,4,2,1.5,0,PVictoryHowl,0,0,0,1,1,0,eff_swordsman_PVictoryHowl.ccbi,MainWeapon,OffWeapon,0,0,eff_hit_jinzhanmofa.ccbi,0,0,0,胜利怒吼,0,icn_ABulletStorm.png,onPVictoryHowlCB,0,0,,0,0,0
ABulletStorm1,疯狂射击1,2,1,2,2.5,1,4,7,100,0,0,0,0,0,1,1,0,0.3,0.3,0,0,0,0,0,0,0,0,0,Prepare,ABulletStorm,0,0,2,10,Eff/Tower/eff_gunner_BasicAttack/,eff_gunner_BasicAttack,MainWeapon,OffWeapon,1,0,eff_hit_yuanchengwuli.ccbi,0,0,eff_gameability_banner_gunner.ccbi,疯狂射击,0,icn_ABulletStorm.png,onABulletStormCB,0,0,,0,0,0
ABulletStorm2,疯狂射击2,2,1,2,2.5,1,4,7,100,0,0,0,0,0,1,1,0,0.3,0.3,0,0,0,0,0,0,0,0,0,Prepare,ABulletStorm,0,0,2,11,Eff/Tower/eff_gunner_BasicAttack/,eff_gunner_BasicAttack,MainWeapon,OffWeapon,1,0,eff_hit_yuanchengwuli.ccbi,0,0,eff_gameability_banner_gunner.ccbi,疯狂射击,0,icn_ABulletStorm.png,onABulletStormCB,0,0,,0,0,0
ABulletStorm3,疯狂射击3,2,1,2,2.5,1,4,7,100,0,0,0,0,0,1,1,0,0.3,0.3,0,0,0,0,0,0,0,0,0,Prepare,ABulletStorm,0,0,2,12,Eff/Tower/eff_gunner_BasicAttack/,eff_gunner_BasicAttack,MainWeapon,OffWeapon,1,0,eff_hit_yuanchengwuli.ccbi,0,0,eff_gameability_banner_gunner.ccbi,疯狂射击,0,icn_ABulletStorm.png,onABulletStormCB,0,0,,0,0,0
ABulletStorm4,疯狂射击4,2,1,2,2.5,1,4,7,100,0,0,0,0,0,1,1,0,0.3,0.3,0,0,0,0,0,0,0,0,0,Prepare,ABulletStorm,0,0,2,13,Eff/Tower/eff_gunner_BasicAttack/,eff_gunner_BasicAttack,MainWeapon,OffWeapon,1,0,eff_hit_yuanchengwuli.ccbi,0,0,eff_gameability_banner_gunner.ccbi,疯狂射击,0,icn_ABulletStorm.png,onABulletStormCB,0,0,,0,0,0
ABulletStorm5,疯狂射击5,2,1,2,2.5,1,4,7,100,0,0,0,0,0,1,1,0,0.3,0.3,0,0,0,0,0,0,0,0,0,Prepare,ABulletStorm,0,0,2,15,Eff/Tower/eff_gunner_BasicAttack/,eff_gunner_BasicAttack,MainWeapon,OffWeapon,1,0,eff_hit_yuanchengwuli.ccbi,0,0,eff_gameability_banner_gunner.ccbi,疯狂射击,0,icn_ABulletStorm.png,onABulletStormCB,0,0,,0,0,0
AGrenade1,手榴弹1,2,2,2,2,1,2,7,100,0,0,0,0,0,1,1,0,1.5,1.5,0,0,0,0,0,0,0,0,0,Prepare,AGrenade,1,0,2,1,Eff/Tower/eff_gunner_BasicAttack/,eff_gunner_BasicAttack,MainWeapon,OffWeapon,1,0,eff_hit_yuanchengwuli.ccbi,0,0,eff_gameability_banner_gunner.ccbi,手榴弹,0,icn_ABulletStorm.png,onAGrenadeCB,0,0,,0,0,0
AGrenade2,手榴弹2,2,2,2,2,1,2,7,100,0,0,0,0,0,1,1,0,1.6,1.6,0,0,0,0,0,0,0,0,0,Prepare,AGrenade,1,0,2,1,Eff/Tower/eff_gunner_BasicAttack/,eff_gunner_BasicAttack,MainWeapon,OffWeapon,1,0,eff_hit_yuanchengwuli.ccbi,0,0,eff_gameability_banner_gunner.ccbi,手榴弹,0,icn_ABulletStorm.png,onAGrenadeCB,0,0,,0,0,0
AGrenade3,手榴弹3,2,2,2,2,1,2,7,100,0,0,0,0,0,1,1,0,1.7,1.7,0,0,0,0,0,0,0,0,0,Prepare,AGrenade,1,0,2,1,Eff/Tower/eff_gunner_BasicAttack/,eff_gunner_BasicAttack,MainWeapon,OffWeapon,1,0,eff_hit_yuanchengwuli.ccbi,0,0,eff_gameability_banner_gunner.ccbi,手榴弹,0,icn_ABulletStorm.png,onAGrenadeCB,0,0,,0,0,0
AGrenade4,手榴弹4,2,2,2,2,1,2,7,100,0,0,0,0,0,1,1,0,1.8,1.8,0,0,0,0,0,0,0,0,0,Prepare,AGrenade,1,0,2,1,Eff/Tower/eff_gunner_BasicAttack/,eff_gunner_BasicAttack,MainWeapon,OffWeapon,1,0,eff_hit_yuanchengwuli.ccbi,0,0,eff_gameability_banner_gunner.ccbi,手榴弹,0,icn_ABulletStorm.png,onAGrenadeCB,0,0,,0,0,0
AGrenade5,手榴弹5,2,2,2,2,1,2,7,100,0,0,0,0,0,1,1,0,1.9,1.9,0,0,0,0,0,0,0,0,0,Prepare,AGrenade,1,0,2,1,Eff/Tower/eff_gunner_BasicAttack/,eff_gunner_BasicAttack,MainWeapon,OffWeapon,1,0,eff_hit_yuanchengwuli.ccbi,0,0,eff_gameability_banner_gunner.ccbi,手榴弹,0,icn_ABulletStorm.png,onAGrenadeCB,0,0,,0,0,0
AFlashGrenade1,照明弹1,2,2,2,2,1,0,7,100,0,0,0,0,0,3,0,0,0,0,0,0,0,0,0,0,0,0,0,Prepare,AFlashGrenade,1,0,2,1,Eff/Tower/eff_gunner_BasicAttack/,eff_gunner_BasicAttack,MainWeapon,OffWeapon,1,0,eff_hit_yuanchengwuli.ccbi,0,0,eff_gameability_banner_gunner.ccbi,照明弹,0,icn_ABulletStorm.png,onAFlashGrenadeCB,0,0,,0,0,0
AFlashGrenade2,照明弹2,2,2,2,2,1,0,7,100,0,0,0,0,0,3,0,0,0,0,0,0,0,0,0,0,0,0,0,Prepare,AFlashGrenade,1,0,2,1,Eff/Tower/eff_gunner_BasicAttack/,eff_gunner_BasicAttack,MainWeapon,OffWeapon,1,0,eff_hit_yuanchengwuli.ccbi,0,0,eff_gameability_banner_gunner.ccbi,照明弹,0,icn_ABulletStorm.png,onAFlashGrenadeCB,0,0,,0,0,0
AFlashGrenade3,照明弹3,2,2,2,2,1,0,7,100,0,0,0,0,0,3,0,0,0,0,0,0,0,0,0,0,0,0,0,Prepare,AFlashGrenade,1,0,2,1,Eff/Tower/eff_gunner_BasicAttack/,eff_gunner_BasicAttack,MainWeapon,OffWeapon,1,0,eff_hit_yuanchengwuli.ccbi,0,0,eff_gameability_banner_gunner.ccbi,照明弹,0,icn_ABulletStorm.png,onAFlashGrenadeCB,0,0,,0,0,0
AFlashGrenade4,照明弹4,2,2,2,2,1,0,7,100,0,0,0,0,0,3,0,0,0,0,0,0,0,0,0,0,0,0,0,Prepare,AFlashGrenade,1,0,2,1,Eff/Tower/eff_gunner_BasicAttack/,eff_gunner_BasicAttack,MainWeapon,OffWeapon,1,0,eff_hit_yuanchengwuli.ccbi,0,0,eff_gameability_banner_gunner.ccbi,照明弹,0,icn_ABulletStorm.png,onAFlashGrenadeCB,0,0,,0,0,0
AFlashGrenade5,照明弹5,2,2,2,2,1,0,7,100,0,0,0,0,0,3,0,0,0,0,0,0,0,0,0,0,0,0,0,Prepare,AFlashGrenade,1,0,2,1,Eff/Tower/eff_gunner_BasicAttack/,eff_gunner_BasicAttack,MainWeapon,OffWeapon,1,0,eff_hit_yuanchengwuli.ccbi,0,0,eff_gameability_banner_gunner.ccbi,照明弹,0,icn_ABulletStorm.png,onAFlashGrenadeCB,0,0,,0,0,0
PChainBullet1,连锁射击1,4,2,2,2.5,4,4,0,0,0,12,0,0,2,0,1,0,1.5,1.5,0,0,0,0,0,0,0,0,0,PChainBullet,0,1,0,2,1,Eff/Tower/eff_gunner_BasicAttack/,eff_gunner_BasicAttack,MainWeapon,OffWeapon,1,0,eff_hit_yuanchengwuli.ccbi,0,0,0,连锁射击,0,icn_ABulletStorm.png,onPChainBulletCB,0,0,,0,0,0
PChainBullet2,连锁射击2,4,2,2,2.5,4,4,0,0,0,15,0,0,3,0,1,0,1.5,1.5,0,0,0,0,0,0,0,0,0,PChainBullet,0,1,0,2,1,Eff/Tower/eff_gunner_BasicAttack/,eff_gunner_BasicAttack,MainWeapon,OffWeapon,1,0,eff_hit_yuanchengwuli.ccbi,0,0,0,连锁射击,0,icn_ABulletStorm.png,onPChainBulletCB,0,0,0,0,0,0
PChainBullet3,连锁射击3,4,2,2,2.5,4,4,0,0,0,18,0,0,4,0,1,0,1.5,1.5,0,0,0,0,0,0,0,0,0,PChainBullet,0,1,0,2,1,Eff/Tower/eff_gunner_BasicAttack/,eff_gunner_BasicAttack,MainWeapon,OffWeapon,1,0,eff_hit_yuanchengwuli.ccbi,0,0,0,连锁射击,0,icn_ABulletStorm.png,onPChainBulletCB,0,0,0,0,0,0
PChainBullet4,连锁射击4,4,2,2,2.5,4,4,0,0,0,21,0,0,5,0,1,0,1.5,1.5,0,0,0,0,0,0,0,0,0,PChainBullet,0,1,0,2,1,Eff/Tower/eff_gunner_BasicAttack/,eff_gunner_BasicAttack,MainWeapon,OffWeapon,1,0,eff_hit_yuanchengwuli.ccbi,0,0,0,连锁射击,0,icn_ABulletStorm.png,onPChainBulletCB,0,0,0,0,0,0
PChainBullet5,连锁射击5,4,2,2,2.5,4,4,0,0,0,27,0,0,6,0,1,0,1.5,1.5,0,0,0,0,0,0,0,0,0,PChainBullet,0,1,0,2,1,Eff/Tower/eff_gunner_BasicAttack/,eff_gunner_BasicAttack,MainWeapon,OffWeapon,1,0,eff_hit_yuanchengwuli.ccbi,0,0,0,连锁射击,0,icn_ABulletStorm.png,onPChainBulletCB,0,0,0,0,0,0
PPrecisionShoot1,精密射击1,4,1,2,0,1,2,0,0,0,12,0,0,0,1,1,0,1.2,1.2,0,0,0,0,0,0,0,0,0,PPrecisionShoot,0,1,0,2,1,Eff/Tower/eff_gunner_BasicAttack/,eff_gunner_BasicAttack,MainWeapon,OffWeapon,1,0,eff_hit_yuanchengwuli.ccbi,0,0,0,精密射击,0,icn_ABulletStorm.png,onPPrecisionShootCB,0,0,0,0,0,0
PPrecisionShoot2,精密射击2,4,1,2,0,1,2,0,0,0,15,0,0,0,1,1,0,1.3,1.3,0,0,0,0,0,0,0,0,0,PPrecisionShoot,0,1,0,2,1,Eff/Tower/eff_gunner_BasicAttack/,eff_gunner_BasicAttack,MainWeapon,OffWeapon,1,0,eff_hit_yuanchengwuli.ccbi,0,0,0,精密射击,0,icn_ABulletStorm.png,onPPrecisionShootCB,0,0,0,0,0,0
PPrecisionShoot3,精密射击3,4,1,2,0,1,2,0,0,0,18,0,0,0,1,1,0,1.4,1.4,0,0,0,0,0,0,0,0,0,PPrecisionShoot,0,1,0,2,1,Eff/Tower/eff_gunner_BasicAttack/,eff_gunner_BasicAttack,MainWeapon,OffWeapon,1,0,eff_hit_yuanchengwuli.ccbi,0,0,0,精密射击,0,icn_ABulletStorm.png,onPPrecisionShootCB,0,0,0,0,0,0
PPrecisionShoot4,精密射击4,4,1,2,0,1,2,0,0,0,21,0,0,0,1,1,0,1.5,1.5,0,0,0,0,0,0,0,0,0,PPrecisionShoot,0,1,0,2,1,Eff/Tower/eff_gunner_BasicAttack/,eff_gunner_BasicAttack,MainWeapon,OffWeapon,1,0,eff_hit_yuanchengwuli.ccbi,0,0,0,精密射击,0,icn_ABulletStorm.png,onPPrecisionShootCB,0,0,0,0,0,0
PPrecisionShoot5,精密射击5,4,1,2,0,1,2,0,0,0,27,0,0,0,1,1,0,1.6,1.6,0,0,0,0,0,0,0,0,0,PPrecisionShoot,0,1,0,2,1,Eff/Tower/eff_gunner_BasicAttack/,eff_gunner_BasicAttack,MainWeapon,OffWeapon,1,0,eff_hit_yuanchengwuli.ccbi,0,0,0,精密射击,0,icn_ABulletStorm.png,onPPrecisionShootCB,0,0,0,0,0,0
PGiantShuriken1,倍化飞镖1,4,2,2,2,1,4,7,100,0,12,0,0,0,1,1,0,1.5,1.5,0,0,0,0,1000,0,0,0,3,PGiantShuriken,0,0,0,2,1,Eff/Tower/eff_gunner_BasicAttack/,eff_gunner_BasicAttack,MainWeapon,OffWeapon,1,0,eff_hit_yuanchengwuli.ccbi,0,0,0,倍化飞镖,0,icn_ABulletStorm.png,onPGiantShurikenCB,0,0,0,0,0,0
PGiantShuriken2,倍化飞镖2,4,2,2,2,1,4,7,100,0,15,0,0,0,1,1,0,1.5,1.5,0,0,0,0,1000,0,0,0,3,PGiantShuriken,0,0,0,2,1,Eff/Tower/eff_gunner_BasicAttack/,eff_gunner_BasicAttack,MainWeapon,OffWeapon,1,0,eff_hit_yuanchengwuli.ccbi,0,0,0,倍化飞镖,0,icn_ABulletStorm.png,onPGiantShurikenCB,0,0,0,0,0,0
PGiantShuriken3,倍化飞镖3,4,2,2,2,1,4,7,100,0,18,0,0,0,1,1,0,1.5,1.5,0,0,0,0,1000,0,0,0,3,PGiantShuriken,0,0,0,2,1,Eff/Tower/eff_gunner_BasicAttack/,eff_gunner_BasicAttack,MainWeapon,OffWeapon,1,0,eff_hit_yuanchengwuli.ccbi,0,0,0,倍化飞镖,0,icn_ABulletStorm.png,onPGiantShurikenCB,0,0,0,0,0,0
PGiantShuriken4,倍化飞镖4,4,2,2,2,1,4,7,100,0,21,0,0,0,1,1,0,1.5,1.5,0,0,0,0,1000,0,0,0,3,PGiantShuriken,0,0,0,2,1,Eff/Tower/eff_gunner_BasicAttack/,eff_gunner_BasicAttack,MainWeapon,OffWeapon,1,0,eff_hit_yuanchengwuli.ccbi,0,0,0,倍化飞镖,0,icn_ABulletStorm.png,onPGiantShurikenCB,0,0,0,0,0,0
PGiantShuriken5,倍化飞镖5,4,2,2,2,1,4,7,100,0,27,0,0,0,1,1,0,1.5,1.5,0,0,0,0,1000,0,0,0,3,PGiantShuriken,0,0,0,2,1,Eff/Tower/eff_gunner_BasicAttack/,eff_gunner_BasicAttack,MainWeapon,OffWeapon,1,0,eff_hit_yuanchengwuli.ccbi,0,0,0,倍化飞镖,0,icn_ABulletStorm.png,onPGiantShurikenCB,0,0,0,0,0,0
PAutoShoot1,自动射击1,2,1,2,2.5,1,4,0,0,0,12,0,0,0,0,1,0,0,0,0,0,0,0,0,0,0,0,0,PAutoShoot,0,0,0,2,0,Eff/Tower/eff_gunner_BasicAttack/,eff_gunner_BasicAttack,MainWeapon,OffWeapon,1,0,eff_hit_yuanchengwuli.ccbi,0,0,0,自动射击,0,icn_ABulletStorm.png,onPAutoShootCB,0,0,0,0,0,0
PAutoShoot2,自动射击2,2,1,2,2.5,1,4,0,0,0,15,0,0,0,0,1,0,0,0,0,0,0,0,0,0,0,0,0,PAutoShoot,0,0,0,2,0,Eff/Tower/eff_gunner_BasicAttack/,eff_gunner_BasicAttack,MainWeapon,OffWeapon,1,0,eff_hit_yuanchengwuli.ccbi,0,0,0,自动射击,0,icn_ABulletStorm.png,onPAutoShootCB,0,0,0,0,0,0
PAutoShoot3,自动射击3,2,1,2,2.5,1,4,0,0,0,18,0,0,0,0,1,0,0,0,0,0,0,0,0,0,0,0,0,PAutoShoot,0,0,0,2,0,Eff/Tower/eff_gunner_BasicAttack/,eff_gunner_BasicAttack,MainWeapon,OffWeapon,1,0,eff_hit_yuanchengwuli.ccbi,0,0,0,自动射击,0,icn_ABulletStorm.png,onPAutoShootCB,0,0,0,0,0,0
PAutoShoot4,自动射击4,2,1,2,2.5,1,4,0,0,0,21,0,0,0,0,1,0,0,0,0,0,0,0,0,0,0,0,0,PAutoShoot,0,0,0,2,0,Eff/Tower/eff_gunner_BasicAttack/,eff_gunner_BasicAttack,MainWeapon,OffWeapon,1,0,eff_hit_yuanchengwuli.ccbi,0,0,0,自动射击,0,icn_ABulletStorm.png,onPAutoShootCB,0,0,0,0,0,0
PAutoShoot5,自动射击5,2,1,2,2.5,1,4,0,0,0,27,0,0,0,0,1,0,0,0,0,0,0,0,0,0,0,0,0,PAutoShoot,0,0,0,2,0,Eff/Tower/eff_gunner_BasicAttack/,eff_gunner_BasicAttack,MainWeapon,OffWeapon,1,0,eff_hit_yuanchengwuli.ccbi,0,0,0,自动射击,0,icn_ABulletStorm.png,onPAutoShootCB,0,0,0,0,0,0
PPenetrationShoot1,穿透射击1,4,1,2,0,1,2,0,0,0,12,0,0,0,1,1,0,1.2,1.2,0,0,0,0,0,0,0,0,0,PPenetrationShoot,0,1,0,2,1,Eff/Tower/eff_gunner_BasicAttack/,eff_gunner_BasicAttack,MainWeapon,OffWeapon,1,0,eff_hit_yuanchengwuli.ccbi,0,0,0,穿透射击,0,icn_ABulletStorm.png,onPPenetrationShootCB,0,0,0,0,0,0
PPenetrationShoot2,穿透射击2,4,1,2,0,1,2,0,0,0,15,0,0,0,1,1,0,1.3,1.3,0,0,0,0,0,0,0,0,0,PPenetrationShoot,0,1,0,2,1,Eff/Tower/eff_gunner_BasicAttack/,eff_gunner_BasicAttack,MainWeapon,OffWeapon,1,0,eff_hit_yuanchengwuli.ccbi,0,0,0,穿透射击,0,icn_ABulletStorm.png,onPPenetrationShootCB,0,0,0,0,0,0
PPenetrationShoot3,穿透射击3,4,1,2,0,1,2,0,0,0,18,0,0,0,1,1,0,1.4,1.4,0,0,0,0,0,0,0,0,0,PPenetrationShoot,0,1,0,2,1,Eff/Tower/eff_gunner_BasicAttack/,eff_gunner_BasicAttack,MainWeapon,OffWeapon,1,0,eff_hit_yuanchengwuli.ccbi,0,0,0,穿透射击,0,icn_ABulletStorm.png,onPPenetrationShootCB,0,0,0,0,0,0
PPenetrationShoot4,穿透射击4,4,1,2,0,1,2,0,0,0,21,0,0,0,1,1,0,1.5,1.5,0,0,0,0,0,0,0,0,0,PPenetrationShoot,0,1,0,2,1,Eff/Tower/eff_gunner_BasicAttack/,eff_gunner_BasicAttack,MainWeapon,OffWeapon,1,0,eff_hit_yuanchengwuli.ccbi,0,0,0,穿透射击,0,icn_ABulletStorm.png,onPPenetrationShootCB,0,0,0,0,0,0
PPenetrationShoot5,穿透射击5,4,1,2,0,1,2,0,0,0,27,0,0,0,1,1,0,1.6,1.6,0,0,0,0,0,0,0,0,0,PPenetrationShoot,0,1,0,2,1,Eff/Tower/eff_gunner_BasicAttack/,eff_gunner_BasicAttack,MainWeapon,OffWeapon,1,0,eff_hit_yuanchengwuli.ccbi,0,0,0,穿透射击,0,icn_ABulletStorm.png,onPPenetrationShootCB,0,0,0,0,0,0
PInstantKill1,瞬杀投掷1,4,2,2,2,1,4,7,100,0,12,0,0,0,1,1,0,1.5,1.5,0,0,0,0,1000,0,0,0,3,PInstantKill,0,0,0,2,1,Eff/Tower/eff_gunner_BasicAttack/,eff_gunner_BasicAttack,MainWeapon,OffWeapon,1,0,eff_hit_yuanchengwuli.ccbi,0,0,0,瞬杀投掷,0,icn_ABulletStorm.png,onPInstantKillCB,0,0,0,0,0,0
PInstantKill2,瞬杀投掷2,4,2,2,2,1,4,7,100,0,15,0,0,0,1,1,0,1.5,1.5,0,0,0,0,1000,0,0,0,3,PInstantKill,0,0,0,2,1,Eff/Tower/eff_gunner_BasicAttack/,eff_gunner_BasicAttack,MainWeapon,OffWeapon,1,0,eff_hit_yuanchengwuli.ccbi,0,0,0,瞬杀投掷,0,icn_ABulletStorm.png,onPInstantKillCB,0,0,0,0,0,0
PInstantKill3,瞬杀投掷3,4,2,2,2,1,4,7,100,0,18,0,0,0,1,1,0,1.5,1.5,0,0,0,0,1000,0,0,0,3,PInstantKill,0,0,0,2,1,Eff/Tower/eff_gunner_BasicAttack/,eff_gunner_BasicAttack,MainWeapon,OffWeapon,1,0,eff_hit_yuanchengwuli.ccbi,0,0,0,瞬杀投掷,0,icn_ABulletStorm.png,onPInstantKillCB,0,0,0,0,0,0
PInstantKill4,瞬杀投掷4,4,2,2,2,1,4,7,100,0,21,0,0,0,1,1,0,1.5,1.5,0,0,0,0,1000,0,0,0,3,PInstantKill,0,0,0,2,1,Eff/Tower/eff_gunner_BasicAttack/,eff_gunner_BasicAttack,MainWeapon,OffWeapon,1,0,eff_hit_yuanchengwuli.ccbi,0,0,0,瞬杀投掷,0,icn_ABulletStorm.png,onPInstantKillCB,0,0,0,0,0,0
PInstantKill5,瞬杀投掷5,4,2,2,2,1,4,7,100,0,27,0,0,0,1,1,0,1.5,1.5,0,0,0,0,1000,0,0,0,3,PInstantKill,0,0,0,2,1,Eff/Tower/eff_gunner_BasicAttack/,eff_gunner_BasicAttack,MainWeapon,OffWeapon,1,0,eff_hit_yuanchengwuli.ccbi,0,0,0,瞬杀投掷,0,icn_ABulletStorm.png,onPInstantKillCB,0,0,0,0,0,0
AShockWave1,冲击波1,2,2,2,1,1,4,7,100,0,0,0,0,5,1,1,0,0,0,0,1.1,1.1,0,0,0,0,0,0,Prepare,AShockWave,0,0,2,1,Eff/Tower/eff_mage_ARainOfFire,eff_mage_ARainOfFire,MainWeapon,OffWeapon,0,0,eff_hit_yuanchengmofa.ccbi,0,0,eff_gameability_banner_mage.ccbi,冲击波,0,icn_ABulletStorm.png,onAShockWaveCB,0,0,0,0,0,0
AShockWave2,冲击波2,2,2,2,1,1,4,7,100,0,0,0,0,6,1,1,0,0,0,0,1.2,1.2,0,0,0,0,0,0,Prepare,AShockWave,0,0,2,1,Eff/Tower/eff_mage_ARainOfFire,eff_mage_ARainOfFire,MainWeapon,OffWeapon,0,0,eff_hit_yuanchengmofa.ccbi,0,0,eff_gameability_banner_mage.ccbi,冲击波,0,icn_ABulletStorm.png,onAShockWaveCB,0,0,0,0,0,0
AShockWave3,冲击波3,2,2,2,1,1,4,7,100,0,0,0,0,7,1,1,0,0,0,0,1.3,1.3,0,0,0,0,0,0,Prepare,AShockWave,0,0,2,1,Eff/Tower/eff_mage_ARainOfFire,eff_mage_ARainOfFire,MainWeapon,OffWeapon,0,0,eff_hit_yuanchengmofa.ccbi,0,0,eff_gameability_banner_mage.ccbi,冲击波,0,icn_ABulletStorm.png,onAShockWaveCB,0,0,0,0,0,0
AShockWave4,冲击波4,2,2,2,1,1,4,7,100,0,0,0,0,8,1,1,0,0,0,0,1.4,1.4,0,0,0,0,0,0,Prepare,AShockWave,0,0,2,1,Eff/Tower/eff_mage_ARainOfFire,eff_mage_ARainOfFire,MainWeapon,OffWeapon,0,0,eff_hit_yuanchengmofa.ccbi,0,0,eff_gameability_banner_mage.ccbi,冲击波,0,icn_ABulletStorm.png,onAShockWaveCB,0,0,0,0,0,0
AShockWave5,冲击波5,2,2,2,1,1,4,7,100,0,0,0,0,9,1,1,0,0,0,0,1.6,1.6,0,0,0,0,0,0,Prepare,AShockWave,0,0,2,1,Eff/Tower/eff_mage_ARainOfFire,eff_mage_ARainOfFire,MainWeapon,OffWeapon,0,0,eff_hit_yuanchengmofa.ccbi,0,0,eff_gameability_banner_mage.ccbi,冲击波,0,icn_ABulletStorm.png,onAShockWaveCB,0,0,0,0,0,0
APaperCannon1,晴明波动炮1,2,2,2,1,1,4,7,100,0,0,0,0,0,1,1,0,0,0,0,1.1,1.1,0,0,0,0,0,0,Prepare,APaperCannon,1,0,2,1,0,eff_mage_APaperCannon.ccbi,MainWeapon,OffWeapon,0,0,eff_hit_yuanchengmofa.ccbi,0,0,eff_gameability_banner_mage.ccbi,晴明波动炮,0,icn_ABulletStorm.png,onAPaperCannonCB,0,0,0,0,0,0
APaperCannon2,晴明波动炮2,2,2,2,1,1,4,7,100,0,0,0,0,0,1,1,0,0,0,0,1.2,1.2,0,0,0,0,0,0,Prepare,APaperCannon,1,0,2,1,0,eff_mage_APaperCannon.ccbi,MainWeapon,OffWeapon,0,0,eff_hit_yuanchengmofa.ccbi,0,0,eff_gameability_banner_mage.ccbi,晴明波动炮,0,icn_ABulletStorm.png,onAPaperCannonCB,0,0,0,0,0,0
APaperCannon3,晴明波动炮3,2,2,2,1,1,4,7,100,0,0,0,0,0,1,1,0,0,0,0,1.3,1.3,0,0,0,0,0,0,Prepare,APaperCannon,1,0,2,1,0,eff_mage_APaperCannon.ccbi,MainWeapon,OffWeapon,0,0,eff_hit_yuanchengmofa.ccbi,0,0,eff_gameability_banner_mage.ccbi,晴明波动炮,0,icn_ABulletStorm.png,onAPaperCannonCB,0,0,0,0,0,0
APaperCannon4,晴明波动炮4,2,2,2,1,1,4,7,100,0,0,0,0,0,1,1,0,0,0,0,1.4,1.4,0,0,0,0,0,0,Prepare,APaperCannon,1,0,2,1,0,eff_mage_APaperCannon.ccbi,MainWeapon,OffWeapon,0,0,eff_hit_yuanchengmofa.ccbi,0,0,eff_gameability_banner_mage.ccbi,晴明波动炮,0,icn_ABulletStorm.png,onAPaperCannonCB,0,0,0,0,0,0
APaperCannon5,晴明波动炮5,2,2,2,1,1,4,7,100,0,0,0,0,0,1,1,0,0,0,0,1.6,1.6,0,0,0,0,0,0,Prepare,APaperCannon,1,0,2,1,0,eff_mage_APaperCannon.ccbi,MainWeapon,OffWeapon,0,0,eff_hit_yuanchengmofa.ccbi,0,0,eff_gameability_banner_mage.ccbi,晴明波动炮,0,icn_ABulletStorm.png,onAPaperCannonCB,0,0,0,0,0,0
ARainOfFire1,火雨术1,2,2,2,2,5,4,7,100,0,0,0,0,0,1,2,0,0,0,0,1.4,1.4,0,0,0,0,0,0,Prepare,ARainOfFire,0,0,2,1,Eff/Tower/eff_mage_ARainOfFire,eff_mage_ARainOfFire,MainWeapon,OffWeapon,0,0,eff_hit_yuanchengmofa.ccbi,0,0,eff_gameability_banner_mage.ccbi,火雨术,0,icn_ARainOfFire.png,onARainOfFireCB,0,0,0,lj001,0,0
ARainOfFire2,火雨术2,2,2,2,2,5,4,7,100,0,0,0,0,0,1,2,0,0,0,0,1.5,1.5,0,0,0,0,0,0,Prepare,ARainOfFire,0,0,2,1,Eff/Tower/eff_mage_ARainOfFire,eff_mage_ARainOfFire,MainWeapon,OffWeapon,0,0,eff_hit_yuanchengmofa.ccbi,0,0,eff_gameability_banner_mage.ccbi,火雨术,0,icn_ARainOfFire.png,onARainOfFireCB,0,0,0,lj001,0,0
ARainOfFire3,火雨术3,2,2,2,2,5,4,7,100,0,0,0,0,0,1,2,0,0,0,0,1.6,1.6,0,0,0,0,0,0,Prepare,ARainOfFire,0,0,2,1,Eff/Tower/eff_mage_ARainOfFire,eff_mage_ARainOfFire,MainWeapon,OffWeapon,0,0,eff_hit_yuanchengmofa.ccbi,0,0,eff_gameability_banner_mage.ccbi,火雨术,0,icn_ARainOfFire.png,onARainOfFireCB,0,0,0,lj001,0,0
ARainOfFire4,火雨术4,2,2,2,2,5,4,7,100,0,0,0,0,0,1,2,0,0,0,0,1.7,1.7,0,0,0,0,0,0,Prepare,ARainOfFire,0,0,2,1,Eff/Tower/eff_mage_ARainOfFire,eff_mage_ARainOfFire,MainWeapon,OffWeapon,0,0,eff_hit_yuanchengmofa.ccbi,0,0,eff_gameability_banner_mage.ccbi,火雨术,0,icn_ARainOfFire.png,onARainOfFireCB,0,0,0,lj001,0,0
ARainOfFire5,火雨术5,2,2,2,2,5,4,7,100,0,0,0,0,0,1,2,0,0,0,0,1.8,1.8,0,0,0,0,0,0,Prepare,ARainOfFire,0,0,2,1,Eff/Tower/eff_mage_ARainOfFire,eff_mage_ARainOfFire,MainWeapon,OffWeapon,0,0,eff_hit_yuanchengmofa.ccbi,0,0,eff_gameability_banner_mage.ccbi,火雨术,0,icn_ARainOfFire.png,onARainOfFireCB,0,0,0,lj001,0,0
PHugeFireBall1,豪火球术1,4,1,2,0,1,1,0,0,0,12,0,0,0,1,2,0,0,0,0,1.1,1.1,0,0,0,0,0,0,PHugeFireBall,0,1,0,2,1,Eff/Tower/eff_mage_PHugeFireBall,eff_mage_PHugeFireBall,MainWeapon,OffWeapon,0,0,eff_hit_yuanchengmofa.ccbi,0,0,0,豪火球术,0,icn_ABulletStorm.png,onPHugeFireBallCB,0,0,0,0,0,0
PHugeFireBall2,豪火球术2,4,1,2,0,1,1,0,0,0,15,0,0,0,1,2,0,0,0,0,1.2,1.2,0,0,0,0,0,0,PHugeFireBall,0,1,0,2,1,Eff/Tower/eff_mage_PHugeFireBall,eff_mage_PHugeFireBall,MainWeapon,OffWeapon,0,0,eff_hit_yuanchengmofa.ccbi,0,0,0,豪火球术,0,icn_ABulletStorm.png,onPHugeFireBallCB,0,0,0,0,0,0
PHugeFireBall3,豪火球术3,4,1,2,0,1,1,0,0,0,18,0,0,0,1,2,0,0,0,0,1.3,1.3,0,0,0,0,0,0,PHugeFireBall,0,1,0,2,1,Eff/Tower/eff_mage_PHugeFireBall,eff_mage_PHugeFireBall,MainWeapon,OffWeapon,0,0,eff_hit_yuanchengmofa.ccbi,0,0,0,豪火球术,0,icn_ABulletStorm.png,onPHugeFireBallCB,0,0,0,0,0,0
PHugeFireBall4,豪火球术4,4,1,2,0,1,1,0,0,0,21,0,0,0,1,2,0,0,0,0,1.4,1.4,0,0,0,0,0,0,PHugeFireBall,0,1,0,2,1,Eff/Tower/eff_mage_PHugeFireBall,eff_mage_PHugeFireBall,MainWeapon,OffWeapon,0,0,eff_hit_yuanchengmofa.ccbi,0,0,0,豪火球术,0,icn_ABulletStorm.png,onPHugeFireBallCB,0,0,0,0,0,0
PHugeFireBall5,豪火球术5,4,1,2,0,1,1,0,0,0,27,0,0,0,1,2,0,0,0,0,1.5,1.5,0,0,0,0,0,0,PHugeFireBall,0,1,0,2,1,Eff/Tower/eff_mage_PHugeFireBall,eff_mage_PHugeFireBall,MainWeapon,OffWeapon,0,0,eff_hit_yuanchengmofa.ccbi,0,0,0,豪火球术,0,icn_ABulletStorm.png,onPHugeFireBallCB,0,0,0,0,0,0
PThrowFire1,投掷火焰1,4,1,2,2,1,3,0,0,0,12,0,0,0,1,2,0,0,0,0,0,0,0,0,0,0,0,0,PThrowFire,0,1,0,2,1,0,eff_mage_PThrowFire.ccbi,MainWeapon,OffWeapon,0,0,eff_hit_yuanchengmofa.ccbi,0,0,0,投掷火焰,0,icn_ABulletStorm.png,onPThrowFireCB,0,0,0,lj001,0,0
PThrowFire2,投掷火焰2,4,1,2,2,1,3,0,0,0,15,0,0,0,1,2,0,0,0,0,0,0,0,0,0,0,0,0,PThrowFire,0,1,0,2,1,0,eff_mage_PThrowFire.ccbi,MainWeapon,OffWeapon,0,0,eff_hit_yuanchengmofa.ccbi,0,0,0,投掷火焰,0,icn_ABulletStorm.png,onPThrowFireCB,0,0,0,lj001,0,0
PThrowFire3,投掷火焰3,4,1,2,2,1,3,0,0,0,18,0,0,0,1,2,0,0,0,0,0,0,0,0,0,0,0,0,PThrowFire,0,1,0,2,1,0,eff_mage_PThrowFire.ccbi,MainWeapon,OffWeapon,0,0,eff_hit_yuanchengmofa.ccbi,0,0,0,投掷火焰,0,icn_ABulletStorm.png,onPThrowFireCB,0,0,0,lj001,0,0
PThrowFire4,投掷火焰4,4,1,2,2,1,3,0,0,0,21,0,0,0,1,2,0,0,0,0,0,0,0,0,0,0,0,0,PThrowFire,0,1,0,2,1,0,eff_mage_PThrowFire.ccbi,MainWeapon,OffWeapon,0,0,eff_hit_yuanchengmofa.ccbi,0,0,0,投掷火焰,0,icn_ABulletStorm.png,onPThrowFireCB,0,0,0,lj001,0,0
PThrowFire5,投掷火焰5,4,1,2,2,1,3,0,0,0,27,0,0,0,1,2,0,0,0,0,0,0,0,0,0,0,0,0,PThrowFire,0,1,0,2,1,0,eff_mage_PThrowFire.ccbi,MainWeapon,OffWeapon,0,0,eff_hit_yuanchengmofa.ccbi,0,0,0,投掷火焰,0,icn_ABulletStorm.png,onPThrowFireCB,0,0,0,lj001,0,0
PSealPaper1,晴明禁锢符1,4,2,2,1,1,3,0,0,0,12,0,0,0,1,2,0,0,0,0,1.5,1.5,0,0,0,0,0,0,PSealPaper,0,0,0,2,1,0,eff_mage_PSealPaper.ccbi,MainWeapon,OffWeapon,0,0,eff_hit_yuanchengmofa.ccbi,0,0,0,晴明禁锢符,0,icn_ABulletStorm.png,onPSealPaperCB,0,0,0,0,0,0
PSealPaper2,晴明禁锢符2,4,2,2,1,1,3,0,0,0,15,0,0,0,1,2,0,0,0,0,1.5,1.5,0,0,0,0,0,0,PSealPaper,0,0,0,2,1,0,eff_mage_PSealPaper.ccbi,MainWeapon,OffWeapon,0,0,eff_hit_yuanchengmofa.ccbi,0,0,0,晴明禁锢符,0,icn_ABulletStorm.png,onPSealPaperCB,0,0,0,0,0,0
PSealPaper3,晴明禁锢符3,4,2,2,1,1,3,0,0,0,18,0,0,0,1,2,0,0,0,0,1.5,1.5,0,0,0,0,0,0,PSealPaper,0,0,0,2,1,0,eff_mage_PSealPaper.ccbi,MainWeapon,OffWeapon,0,0,eff_hit_yuanchengmofa.ccbi,0,0,0,晴明禁锢符,0,icn_ABulletStorm.png,onPSealPaperCB,0,0,0,0,0,0
PSealPaper4,晴明禁锢符4,4,2,2,1,1,3,0,0,0,21,0,0,0,1,2,0,0,0,0,1.5,1.5,0,0,0,0,0,0,PSealPaper,0,0,0,2,1,0,eff_mage_PSealPaper.ccbi,MainWeapon,OffWeapon,0,0,eff_hit_yuanchengmofa.ccbi,0,0,0,晴明禁锢符,0,icn_ABulletStorm.png,onPSealPaperCB,0,0,0,0,0,0
PSealPaper5,晴明禁锢符5,4,2,2,1,1,3,0,0,0,27,0,0,0,1,2,0,0,0,0,1.5,1.5,0,0,0,0,0,0,PSealPaper,0,0,0,2,1,0,eff_mage_PSealPaper.ccbi,MainWeapon,OffWeapon,0,0,eff_hit_yuanchengmofa.ccbi,0,0,0,晴明禁锢符,0,icn_ABulletStorm.png,onPSealPaperCB,0,0,0,0,0,0
AFireDragon1,炎龙波1,2,2,2,3,2,3,7,100,0,12,0,0,0,1,2,0,0,0,0,1.3,1.3,0,0,0,0,0,0,AFireDragon,0,1,0,2,1,0,eff_mage_AFireDragon.ccbi,MainWeapon,OffWeapon,1,0,eff_hit_yuanchengmofa.ccbi,0,0,0,炎龙波,0,icn_ABulletStorm.png,onAFireDragonCB,0,0,0,0,0,0
AFireDragon2,炎龙波2,2,2,2,3,2,3,7,100,0,15,0,0,0,1,2,0,0,0,0,1.4,1.4,0,0,0,0,0,0,AFireDragon,0,1,0,2,1,0,eff_mage_AFireDragon.ccbi,MainWeapon,OffWeapon,1,0,eff_hit_yuanchengmofa.ccbi,0,0,0,炎龙波,0,icn_ABulletStorm.png,onAFireDragonCB,0,0,0,0,0,0
AFireDragon3,炎龙波3,2,2,2,3,2,3,7,100,0,18,0,0,0,1,2,0,0,0,0,1.5,1.5,0,0,0,0,0,0,AFireDragon,0,1,0,2,1,0,eff_mage_AFireDragon.ccbi,MainWeapon,OffWeapon,1,0,eff_hit_yuanchengmofa.ccbi,0,0,0,炎龙波,0,icn_ABulletStorm.png,onAFireDragonCB,0,0,0,0,0,0
AFireDragon4,炎龙波4,2,2,2,3,2,3,7,100,0,21,0,0,0,1,2,0,0,0,0,1.6,1.6,0,0,0,0,0,0,AFireDragon,0,1,0,2,1,0,eff_mage_AFireDragon.ccbi,MainWeapon,OffWeapon,1,0,eff_hit_yuanchengmofa.ccbi,0,0,0,炎龙波,0,icn_ABulletStorm.png,onAFireDragonCB,0,0,0,0,0,0
AFireDragon5,炎龙波5,2,2,2,3,2,3,7,100,0,27,0,0,0,1,2,0,0,0,0,1.7,1.7,0,0,0,0,0,0,AFireDragon,0,1,0,2,1,0,eff_mage_AFireDragon.ccbi,MainWeapon,OffWeapon,1,0,eff_hit_yuanchengmofa.ccbi,0,0,0,炎龙波,0,icn_ABulletStorm.png,onAFireDragonCB,0,0,0,0,0,0
PBurner1,炎之魔人1,4,1,1,0,1,3,0,0,0,12,0,0,0,2,0,0,0,0,0,0,0,5000,0,4,2,1.5,0,PBurner,0,0,0,2,1,0,eff_mage_PBurner.ccbi,MainWeapon,OffWeapon,0,0,eff_hit_yuanchengmofa.ccbi,0,0,0,炎之魔人,0,icn_ABulletStorm.png,onPBurnerCB,0,0,0,0,0,0
PBurner2,炎之魔人2,4,1,1,0,1,3,0,0,0,15,0,0,0,2,0,0,0,0,0,0,0,5000,0,4,2,1.5,0,PBurner,0,0,0,2,1,0,eff_mage_PBurner.ccbi,MainWeapon,OffWeapon,0,0,eff_hit_yuanchengmofa.ccbi,0,0,0,炎之魔人,0,icn_ABulletStorm.png,onPBurnerCB,0,0,0,0,0,0
PBurner3,炎之魔人3,4,1,1,0,1,3,0,0,0,18,0,0,0,2,0,0,0,0,0,0,0,5000,0,4,2,1.5,0,PBurner,0,0,0,2,1,0,eff_mage_PBurner.ccbi,MainWeapon,OffWeapon,0,0,eff_hit_yuanchengmofa.ccbi,0,0,0,炎之魔人,0,icn_ABulletStorm.png,onPBurnerCB,0,0,0,0,0,0
PBurner4,炎之魔人4,4,1,1,0,1,3,0,0,0,21,0,0,0,2,0,0,0,0,0,0,0,5000,0,4,2,1.5,0,PBurner,0,0,0,2,1,0,eff_mage_PBurner.ccbi,MainWeapon,OffWeapon,0,0,eff_hit_yuanchengmofa.ccbi,0,0,0,炎之魔人,0,icn_ABulletStorm.png,onPBurnerCB,0,0,0,0,0,0
PBurner5,炎之魔人5,4,1,1,0,1,3,0,0,0,27,0,0,0,2,0,0,0,0,0,0,0,5000,0,4,2,1.5,0,PBurner,0,0,0,2,1,0,eff_mage_PBurner.ccbi,MainWeapon,OffWeapon,0,0,eff_hit_yuanchengmofa.ccbi,0,0,0,炎之魔人,0,icn_ABulletStorm.png,onPBurnerCB,0,0,0,0,0,0
PArmorMolten1,熔甲术1,4,2,2,1.2,1,3,0,0,0,12,0,0,0,1,2,0,0,0,0,0,0,5000,0,3,2,0.3,0,PArmorMolten,0,0,0,2,1,0,eff_mage_PArmorMolten.ccbi,MainWeapon,OffWeapon,0,0,eff_hit_yuanchengmofa.ccbi,0,0,0,熔甲术,0,icn_ABulletStorm.png,onPArmorMoltenCB,0,0,0,0,0,0
PArmorMolten2,熔甲术2,4,2,2,1.2,1,3,0,0,0,15,0,0,0,1,2,0,0,0,0,0,0,5000,0,3,2,0.3,0,PArmorMolten,0,0,0,2,1,0,eff_mage_PArmorMolten.ccbi,MainWeapon,OffWeapon,0,0,eff_hit_yuanchengmofa.ccbi,0,0,0,熔甲术,0,icn_ABulletStorm.png,onPArmorMoltenCB,0,0,0,0,0,0
PArmorMolten3,熔甲术3,4,2,2,1.2,1,3,0,0,0,18,0,0,0,1,2,0,0,0,0,0,0,5000,0,3,2,0.3,0,PArmorMolten,0,0,0,2,1,0,eff_mage_PArmorMolten.ccbi,MainWeapon,OffWeapon,0,0,eff_hit_yuanchengmofa.ccbi,0,0,0,熔甲术,0,icn_ABulletStorm.png,onPArmorMoltenCB,0,0,0,0,0,0
PArmorMolten4,熔甲术4,4,2,2,1.2,1,3,0,0,0,21,0,0,0,1,2,0,0,0,0,0,0,5000,0,3,2,0.3,0,PArmorMolten,0,0,0,2,1,0,eff_mage_PArmorMolten.ccbi,MainWeapon,OffWeapon,0,0,eff_hit_yuanchengmofa.ccbi,0,0,0,熔甲术,0,icn_ABulletStorm.png,onPArmorMoltenCB,0,0,0,0,0,0
PArmorMolten5,熔甲术5,4,2,2,1.2,1,3,0,0,0,27,0,0,0,1,2,0,0,0,0,0,0,5000,0,3,2,0.3,0,PArmorMolten,0,0,0,2,1,0,eff_mage_PArmorMolten.ccbi,MainWeapon,OffWeapon,0,0,eff_hit_yuanchengmofa.ccbi,0,0,0,熔甲术,0,icn_ABulletStorm.png,onPArmorMoltenCB,0,0,0,0,0,0
AIceNova1,霜冻新星1,2,2,2,2,1,3,7,100,0,0,0,0,0,1,2,0,0,0,0,0.7,0.7,2000,0,0,0,0,1,Prepare,AIceNova,0,0,2,1,0,eff_summoner_AIceNova.ccbi,MainWeapon,OffWeapon,0,0,eff_hit_yuanchengmofa.ccbi,Eff/Monster/Freeze_E_Hit,Freeze_E_Hit,eff_gameability_banner_summoner.ccbi,霜冻新星,0,icn_ABulletStorm.png,onAIceNovaCB,0,0,0,0,0,0
AIceNova2,霜冻新星2,2,2,2,2,1,3,7,100,0,0,0,0,0,1,2,0,0,0,0,0.7,0.7,2200,0,0,0,0,1,Prepare,AIceNova,0,0,2,1,0,eff_summoner_AIceNova.ccbi,MainWeapon,OffWeapon,0,0,eff_hit_yuanchengmofa.ccbi,Eff/Monster/Freeze_E_Hit,Freeze_E_Hit,eff_gameability_banner_summoner.ccbi,霜冻新星,0,icn_ABulletStorm.png,onAIceNovaCB,0,0,0,0,0,0
AIceNova3,霜冻新星3,2,2,2,2,1,3,7,100,0,0,0,0,0,1,2,0,0,0,0,0.7,0.7,2400,0,0,0,0,1,Prepare,AIceNova,0,0,2,1,0,eff_summoner_AIceNova.ccbi,MainWeapon,OffWeapon,0,0,eff_hit_yuanchengmofa.ccbi,Eff/Monster/Freeze_E_Hit,Freeze_E_Hit,eff_gameability_banner_summoner.ccbi,霜冻新星,0,icn_ABulletStorm.png,onAIceNovaCB,0,0,0,0,0,0
AIceNova4,霜冻新星4,2,2,2,2,1,3,7,100,0,0,0,0,0,1,2,0,0,0,0,0.7,0.7,2600,0,0,0,0,1,Prepare,AIceNova,0,0,2,1,0,eff_summoner_AIceNova.ccbi,MainWeapon,OffWeapon,0,0,eff_hit_yuanchengmofa.ccbi,Eff/Monster/Freeze_E_Hit,Freeze_E_Hit,eff_gameability_banner_summoner.ccbi,霜冻新星,0,icn_ABulletStorm.png,onAIceNovaCB,0,0,0,0,0,0
AIceNova5,霜冻新星5,2,2,2,2,1,3,7,100,0,0,0,0,0,1,2,0,0,0,0,0.7,0.7,3000,0,0,0,0,1,Prepare,AIceNova,0,0,2,1,0,eff_summoner_AIceNova.ccbi,MainWeapon,OffWeapon,0,0,eff_hit_yuanchengmofa.ccbi,Eff/Monster/Freeze_E_Hit,Freeze_E_Hit,eff_gameability_banner_summoner.ccbi,霜冻新星,0,icn_ABulletStorm.png,onAIceNovaCB,0,0,0,0,0,0
AIceBlast1,冰冻射线1,2,1,2,2,1,4,7,100,0,0,0,0,0,1,1,0,0,0,0,0.25,0.25,4000,0,0,0,0,0,Prepare,AIceBlast,0,0,2,1,0,eff_summoner_AIceBlast.ccbi,MainWeapon,OffWeapon,1,0,eff_hit_yuanchengmofa.ccbi,0,0,eff_gameability_banner_summoner.ccbi,冰冻射线,0,icn_ABulletStorm.png,onAIceBlastCB,0,0,0,0,0,0
AIceBlast2,冰冻射线2,2,1,2,2,1,4,7,100,0,0,0,0,0,1,1,0,0,0,0,0.25,0.25,5000,0,0,0,0,0,Prepare,AIceBlast,0,0,2,1,0,eff_summoner_AIceBlast.ccbi,MainWeapon,OffWeapon,1,0,eff_hit_yuanchengmofa.ccbi,0,0,eff_gameability_banner_summoner.ccbi,冰冻射线,0,icn_ABulletStorm.png,onAIceBlastCB,0,0,0,0,0,0
AIceBlast3,冰冻射线3,2,1,2,2,1,4,7,100,0,0,0,0,0,1,1,0,0,0,0,0.25,0.25,6000,0,0,0,0,0,Prepare,AIceBlast,0,0,2,1,0,eff_summoner_AIceBlast.ccbi,MainWeapon,OffWeapon,1,0,eff_hit_yuanchengmofa.ccbi,0,0,eff_gameability_banner_summoner.ccbi,冰冻射线,0,icn_ABulletStorm.png,onAIceBlastCB,0,0,0,0,0,0
AIceBlast4,冰冻射线4,2,1,2,2,1,4,7,100,0,0,0,0,0,1,1,0,0,0,0,0.25,0.25,7000,0,0,0,0,0,Prepare,AIceBlast,0,0,2,1,0,eff_summoner_AIceBlast.ccbi,MainWeapon,OffWeapon,1,0,eff_hit_yuanchengmofa.ccbi,0,0,eff_gameability_banner_summoner.ccbi,冰冻射线,0,icn_ABulletStorm.png,onAIceBlastCB,0,0,0,0,0,0
AIceBlast5,冰冻射线5,2,1,2,2,1,4,7,100,0,0,0,0,0,1,1,0,0,0,0,0.25,0.25,8000,0,0,0,0,0,Prepare,AIceBlast,0,0,2,1,0,eff_summoner_AIceBlast.ccbi,MainWeapon,OffWeapon,1,0,eff_hit_yuanchengmofa.ccbi,0,0,eff_gameability_banner_summoner.ccbi,冰冻射线,0,icn_ABulletStorm.png,onAIceBlastCB,0,0,0,0,0,0
AEnergyOverload1,能量过载1,2,2,3,1.5,1,0,7,100,0,0,0,0,0,1,2,0,0,0,0,0,0,8000,0,4,2,1.3,0,Prepare,AEnergyOverload,0,0,2,1,0,eff_summoner_AEnergyOverload.ccbi,MainWeapon,OffWeapon,0,0,eff_hit_yuanchengmofa.ccbi,0,0,eff_gameability_banner_summoner.ccbi,能量过载,0,icn_ABulletStorm.png,onAEnergyOverloadCB,0,0,0,0,0,0
AEnergyOverload2,能量过载2,2,2,3,1.5,1,0,7,100,0,0,0,0,0,1,2,0,0,0,0,0,0,8000,0,4,2,1.3,0,Prepare,AEnergyOverload,0,0,2,1,0,eff_summoner_AEnergyOverload.ccbi,MainWeapon,OffWeapon,0,0,eff_hit_yuanchengmofa.ccbi,0,0,eff_gameability_banner_summoner.ccbi,能量过载,0,icn_ABulletStorm.png,onAEnergyOverloadCB,0,0,0,0,0,0
AEnergyOverload3,能量过载3,2,2,3,1.5,1,0,7,100,0,0,0,0,0,1,2,0,0,0,0,0,0,8000,0,4,2,1.3,0,Prepare,AEnergyOverload,0,0,2,1,0,eff_summoner_AEnergyOverload.ccbi,MainWeapon,OffWeapon,0,0,eff_hit_yuanchengmofa.ccbi,0,0,eff_gameability_banner_summoner.ccbi,能量过载,0,icn_ABulletStorm.png,onAEnergyOverloadCB,0,0,0,0,0,0
AEnergyOverload4,能量过载4,2,2,3,1.5,1,0,7,100,0,0,0,0,0,1,2,0,0,0,0,0,0,8000,0,4,2,1.3,0,Prepare,AEnergyOverload,0,0,2,1,0,eff_summoner_AEnergyOverload.ccbi,MainWeapon,OffWeapon,0,0,eff_hit_yuanchengmofa.ccbi,0,0,eff_gameability_banner_summoner.ccbi,能量过载,0,icn_ABulletStorm.png,onAEnergyOverloadCB,0,0,0,0,0,0
AEnergyOverload5,能量过载5,2,2,3,1.5,1,0,7,100,0,0,0,0,0,1,2,0,0,0,0,0,0,8000,0,4,2,1.3,0,Prepare,AEnergyOverload,0,0,2,1,0,eff_summoner_AEnergyOverload.ccbi,MainWeapon,OffWeapon,0,0,eff_hit_yuanchengmofa.ccbi,0,0,eff_gameability_banner_summoner.ccbi,能量过载,0,icn_ABulletStorm.png,onAEnergyOverloadCB,0,0,0,0,0,0
PPenetratingIce1,破甲冰锥1,4,1,2,1.5,1,0,0,0,0,12,0,0,0,2,0,0,0,0,0,0,0,3000,0,3,1,-5,0,PPenetratingIce,0,0,0,2,1,Eff/Tower/eff_mage_PHugeFireBall,eff_mage_PHugeFireBall,MainWeapon,OffWeapon,0,0,eff_hit_yuanchengmofa.ccbi,0,0,0,破甲冰锥,0,icn_ABulletStorm.png,onPPenetratingIceCB,0,0,0,0,0,0
PPenetratingIce2,破甲冰锥2,4,1,2,1.5,1,0,0,0,0,15,0,0,0,2,0,0,0,0,0,0,0,3000,0,3,1,-5,0,PPenetratingIce,0,0,0,2,1,Eff/Tower/eff_mage_PHugeFireBall,eff_mage_PHugeFireBall,MainWeapon,OffWeapon,0,0,eff_hit_yuanchengmofa.ccbi,0,0,0,破甲冰锥,0,icn_ABulletStorm.png,onPPenetratingIceCB,0,0,0,0,0,0
PPenetratingIce3,破甲冰锥3,4,1,2,1.5,1,0,0,0,0,18,0,0,0,2,0,0,0,0,0,0,0,3000,0,3,1,-5,0,PPenetratingIce,0,0,0,2,1,Eff/Tower/eff_mage_PHugeFireBall,eff_mage_PHugeFireBall,MainWeapon,OffWeapon,0,0,eff_hit_yuanchengmofa.ccbi,0,0,0,破甲冰锥,0,icn_ABulletStorm.png,onPPenetratingIceCB,0,0,0,0,0,0
PPenetratingIce4,破甲冰锥4,4,1,2,1.5,1,0,0,0,0,21,0,0,0,2,0,0,0,0,0,0,0,3000,0,3,1,-5,0,PPenetratingIce,0,0,0,2,1,Eff/Tower/eff_mage_PHugeFireBall,eff_mage_PHugeFireBall,MainWeapon,OffWeapon,0,0,eff_hit_yuanchengmofa.ccbi,0,0,0,破甲冰锥,0,icn_ABulletStorm.png,onPPenetratingIceCB,0,0,0,0,0,0
PPenetratingIce5,破甲冰锥5,4,1,2,1.5,1,0,0,0,0,27,0,0,0,2,0,0,0,0,0,0,0,3000,0,3,1,-5,0,PPenetratingIce,0,0,0,2,1,Eff/Tower/eff_mage_PHugeFireBall,eff_mage_PHugeFireBall,MainWeapon,OffWeapon,0,0,eff_hit_yuanchengmofa.ccbi,0,0,0,破甲冰锥,0,icn_ABulletStorm.png,onPPenetratingIceCB,0,0,0,0,0,0
PSpiritSummon1,精灵召唤1,4,1,2,0,1,0,0,0,0,12,0,0,0,1,2,0,0,0,0,0.3,0.3,5000,0,0,0,0,0,PSpiritSummon,0,0,0,2,1,0,eff_summoner_PSpiritSummon.ccbi,MainWeapon,OffWeapon,1,0,eff_hit_yuanchengmofa.ccbi,0,0,0,精灵召唤,0,icn_ABulletStorm.png,onPSpiritSummonCB,0,0,0,0,0,0
PSpiritSummon2,精灵召唤2,4,1,2,0,1,0,0,0,0,15,0,0,0,1,2,0,0,0,0,0.3,0.3,5000,0,0,0,0,0,PSpiritSummon,0,0,0,2,1,0,eff_summoner_PSpiritSummon.ccbi,MainWeapon,OffWeapon,1,0,eff_hit_yuanchengmofa.ccbi,0,0,0,精灵召唤,0,icn_ABulletStorm.png,onPSpiritSummonCB,0,0,0,0,0,0
PSpiritSummon3,精灵召唤3,4,1,2,0,1,0,0,0,0,18,0,0,0,1,2,0,0,0,0,0.3,0.3,5000,0,0,0,0,0,PSpiritSummon,0,0,0,2,1,0,eff_summoner_PSpiritSummon.ccbi,MainWeapon,OffWeapon,1,0,eff_hit_yuanchengmofa.ccbi,0,0,0,精灵召唤,0,icn_ABulletStorm.png,onPSpiritSummonCB,0,0,0,0,0,0
PSpiritSummon4,精灵召唤4,4,1,2,0,1,0,0,0,0,21,0,0,0,1,2,0,0,0,0,0.3,0.3,5000,0,0,0,0,0,PSpiritSummon,0,0,0,2,1,0,eff_summoner_PSpiritSummon.ccbi,MainWeapon,OffWeapon,1,0,eff_hit_yuanchengmofa.ccbi,0,0,0,精灵召唤,0,icn_ABulletStorm.png,onPSpiritSummonCB,0,0,0,0,0,0
PSpiritSummon5,精灵召唤5,4,1,2,0,1,0,0,0,0,27,0,0,0,1,2,0,0,0,0,0.3,0.3,5000,0,0,0,0,0,PSpiritSummon,0,0,0,2,1,0,eff_summoner_PSpiritSummon.ccbi,MainWeapon,OffWeapon,1,0,eff_hit_yuanchengmofa.ccbi,0,0,0,精灵召唤,0,icn_ABulletStorm.png,onPSpiritSummonCB,0,0,0,0,0,0
POniSummon1,百鬼召唤1,4,1,2,0,1,0,0,0,0,12,0,0,0,1,2,0,0,0,0,0,0,3000,0,0,0,0,3,POniSummon,0,0,0,2,1,0,eff_summoner_POniSummon.ccbi,MainWeapon,OffWeapon,1,0,eff_hit_yuanchengmofa.ccbi,0,0,0,百鬼召唤,0,icn_ABulletStorm.png,onPOniSummonCB,0,0,0,0,0,0
POniSummon2,百鬼召唤2,4,1,2,0,1,0,0,0,0,15,0,0,0,1,2,0,0,0,0,0,0,3000,0,0,0,0,3,POniSummon,0,0,0,2,1,0,eff_summoner_POniSummon.ccbi,MainWeapon,OffWeapon,1,0,eff_hit_yuanchengmofa.ccbi,0,0,0,百鬼召唤,0,icn_ABulletStorm.png,onPOniSummonCB,0,0,0,0,0,0
POniSummon3,百鬼召唤3,4,1,2,0,1,0,0,0,0,18,0,0,0,1,2,0,0,0,0,0,0,3000,0,0,0,0,3,POniSummon,0,0,0,2,1,0,eff_summoner_POniSummon.ccbi,MainWeapon,OffWeapon,1,0,eff_hit_yuanchengmofa.ccbi,0,0,0,百鬼召唤,0,icn_ABulletStorm.png,onPOniSummonCB,0,0,0,0,0,0
POniSummon4,百鬼召唤4,4,1,2,0,1,0,0,0,0,21,0,0,0,1,2,0,0,0,0,0,0,3000,0,0,0,0,3,POniSummon,0,0,0,2,1,0,eff_summoner_POniSummon.ccbi,MainWeapon,OffWeapon,1,0,eff_hit_yuanchengmofa.ccbi,0,0,0,百鬼召唤,0,icn_ABulletStorm.png,onPOniSummonCB,0,0,0,0,0,0
POniSummon5,百鬼召唤5,4,1,2,0,1,0,0,0,0,27,0,0,0,1,2,0,0,0,0,0,0,3000,0,0,0,0,3,POniSummon,0,0,0,2,1,0,eff_summoner_POniSummon.ccbi,MainWeapon,OffWeapon,1,0,eff_hit_yuanchengmofa.ccbi,0,0,0,百鬼召唤,0,icn_ABulletStorm.png,onPOniSummonCB,0,0,0,0,0,0
ABurstPunch1,爆裂拳1,2,1,2,1,1,4,7,100,0,0,0,0,0,1,1,0,0.17,0.17,0,0,0,0,0,0,0,0,0,Prepare,ABurstPunch,0,0,1,12,0,eff_boxer_ABurstPunch.ccbi,MainWeapon,OffWeapon,0,0,eff_hit_jinzhanwuli.ccbi,0,0,eff_gameability_banner_boxer.ccbi,爆裂拳,0,icn_ABulletStorm.png,onABurstPunchCB,0,0,0,0,0,0
ABurstPunch2,爆裂拳2,2,1,2,1,1,4,7,100,0,0,0,0,0,1,1,0,0.17,0.17,0,0,0,0,0,0,0,0,0,Prepare,ABurstPunch,0,0,1,14,0,eff_boxer_ABurstPunch.ccbi,MainWeapon,OffWeapon,0,0,eff_hit_jinzhanwuli.ccbi,0,0,eff_gameability_banner_boxer.ccbi,爆裂拳,0,icn_ABulletStorm.png,onABurstPunchCB,0,0,0,0,0,0
ABurstPunch3,爆裂拳3,2,1,2,1,1,4,7,100,0,0,0,0,0,1,1,0,0.17,0.17,0,0,0,0,0,0,0,0,0,Prepare,ABurstPunch,0,0,1,16,0,eff_boxer_ABurstPunch.ccbi,MainWeapon,OffWeapon,0,0,eff_hit_jinzhanwuli.ccbi,0,0,eff_gameability_banner_boxer.ccbi,爆裂拳,0,icn_ABulletStorm.png,onABurstPunchCB,0,0,0,0,0,0
ABurstPunch4,爆裂拳4,2,1,2,1,1,4,7,100,0,0,0,0,0,1,1,0,0.17,0.17,0,0,0,0,0,0,0,0,0,Prepare,ABurstPunch,0,0,1,18,0,eff_boxer_ABurstPunch.ccbi,MainWeapon,OffWeapon,0,0,eff_hit_jinzhanwuli.ccbi,0,0,eff_gameability_banner_boxer.ccbi,爆裂拳,0,icn_ABulletStorm.png,onABurstPunchCB,0,0,0,0,0,0
ABurstPunch5,爆裂拳5,2,1,2,1,1,4,7,100,0,0,0,0,0,1,1,0,0.17,0.17,0,0,0,0,0,0,0,0,0,Prepare,ABurstPunch,0,0,1,20,0,eff_boxer_ABurstPunch.ccbi,MainWeapon,OffWeapon,0,0,eff_hit_jinzhanwuli.ccbi,0,0,eff_gameability_banner_boxer.ccbi,爆裂拳,0,icn_ABulletStorm.png,onABurstPunchCB,0,0,0,0,0,0
AShoryuKen1,升龙拳1,2,2,2,1,1,0,7,100,0,0,0,0,0,1,1,0,1.5,1.5,0,0,0,0,0,0,0,0,0,Prepare,ABurstPunch,0,0,1,1,0,eff_boxer_AShoryuKen.ccbi,MainWeapon,OffWeapon,0,0,eff_hit_jinzhanwuli.ccbi,0,0,eff_gameability_banner_boxer.ccbi,升龙拳,0,icn_ABulletStorm.png,onAShoryuKenCB,0,0,0,0,0,0
AShoryuKen2,升龙拳2,2,2,2,1,1,0,7,100,0,0,0,0,0,1,1,0,1.5,1.5,0,0,0,0,0,0,0,0,0,Prepare,ABurstPunch,0,0,1,1,0,eff_boxer_AShoryuKen.ccbi,MainWeapon,OffWeapon,0,0,eff_hit_jinzhanwuli.ccbi,0,0,eff_gameability_banner_boxer.ccbi,升龙拳,0,icn_ABulletStorm.png,onAShoryuKenCB,0,0,0,0,0,0
AShoryuKen3,升龙拳3,2,2,2,1,1,0,7,100,0,0,0,0,0,1,1,0,1.5,1.5,0,0,0,0,0,0,0,0,0,Prepare,ABurstPunch,0,0,1,1,0,eff_boxer_AShoryuKen.ccbi,MainWeapon,OffWeapon,0,0,eff_hit_jinzhanwuli.ccbi,0,0,eff_gameability_banner_boxer.ccbi,升龙拳,0,icn_ABulletStorm.png,onAShoryuKenCB,0,0,0,0,0,0
AShoryuKen4,升龙拳4,2,2,2,1,1,0,7,100,0,0,0,0,0,1,1,0,1.5,1.5,0,0,0,0,0,0,0,0,0,Prepare,ABurstPunch,0,0,1,1,0,eff_boxer_AShoryuKen.ccbi,MainWeapon,OffWeapon,0,0,eff_hit_jinzhanwuli.ccbi,0,0,eff_gameability_banner_boxer.ccbi,升龙拳,0,icn_ABulletStorm.png,onAShoryuKenCB,0,0,0,0,0,0
AShoryuKen5,升龙拳5,2,2,2,1,1,0,7,100,0,0,0,0,0,1,1,0,1.5,1.5,0,0,0,0,0,0,0,0,0,Prepare,ABurstPunch,0,0,1,1,0,eff_boxer_AShoryuKen.ccbi,MainWeapon,OffWeapon,0,0,eff_hit_jinzhanwuli.ccbi,0,0,eff_gameability_banner_boxer.ccbi,升龙拳,0,icn_ABulletStorm.png,onAShoryuKenCB,0,0,0,0,0,0
AGalePunch1,烈风拳1,2,2,2,1,1,0,7,100,0,0,0,0,0,1,1,0,1.5,1.5,0,0,0,0,0,0,0,0,0,Prepare,ABurstPunch,1,0,1,1,0,eff_boxer_AGalePunch.ccbi,MainWeapon,OffWeapon,0,0,eff_hit_jinzhanwuli.ccbi,0,0,eff_gameability_banner_boxer.ccbi,烈风拳,0,icn_ABulletStorm.png,onAGalePunchCB,0,0,0,0,0,0
AGalePunch2,烈风拳2,2,2,2,1,1,0,7,100,0,0,0,0,0,1,1,0,1.5,1.5,0,0,0,0,0,0,0,0,0,Prepare,ABurstPunch,1,0,1,1,0,eff_boxer_AGalePunch.ccbi,MainWeapon,OffWeapon,0,0,eff_hit_jinzhanwuli.ccbi,0,0,eff_gameability_banner_boxer.ccbi,烈风拳,0,icn_ABulletStorm.png,onAGalePunchCB,0,0,0,0,0,0
AGalePunch3,烈风拳3,2,2,2,1,1,0,7,100,0,0,0,0,0,1,1,0,1.5,1.5,0,0,0,0,0,0,0,0,0,Prepare,ABurstPunch,1,0,1,1,0,eff_boxer_AGalePunch.ccbi,MainWeapon,OffWeapon,0,0,eff_hit_jinzhanwuli.ccbi,0,0,eff_gameability_banner_boxer.ccbi,烈风拳,0,icn_ABulletStorm.png,onAGalePunchCB,0,0,0,0,0,0
AGalePunch4,烈风拳4,2,2,2,1,1,0,7,100,0,0,0,0,0,1,1,0,1.5,1.5,0,0,0,0,0,0,0,0,0,Prepare,ABurstPunch,1,0,1,1,0,eff_boxer_AGalePunch.ccbi,MainWeapon,OffWeapon,0,0,eff_hit_jinzhanwuli.ccbi,0,0,eff_gameability_banner_boxer.ccbi,烈风拳,0,icn_ABulletStorm.png,onAGalePunchCB,0,0,0,0,0,0
AGalePunch5,烈风拳5,2,2,2,1,1,0,7,100,0,0,0,0,0,1,1,0,1.5,1.5,0,0,0,0,0,0,0,0,0,Prepare,ABurstPunch,1,0,1,1,0,eff_boxer_AGalePunch.ccbi,MainWeapon,OffWeapon,0,0,eff_hit_jinzhanwuli.ccbi,0,0,eff_gameability_banner_boxer.ccbi,烈风拳,0,icn_ABulletStorm.png,onAGalePunchCB,0,0,0,0,0,0
ADoubleTime1,倍速时间1,2,2,3,2,1,0,7,100,0,0,0,0,0,2,0,0,0,0,0,0,0,5000,0,5,2,1.3,0,Prepare,ABurstPunch,0,0,1,1,0,eff_boxer_ADoubleTime.ccbi,MainWeapon,OffWeapon,0,0,eff_hit_jinzhanwuli.ccbi,0,0,eff_gameability_banner_boxer.ccbi,倍速时间,0,icn_ABulletStorm.png,onADoubleTimeCB,0,0,0,0,0,0
ADoubleTime2,倍速时间2,2,2,3,2,1,0,7,100,0,0,0,0,0,2,0,0,0,0,0,0,0,5000,0,5,2,1.3,0,Prepare,ABurstPunch,0,0,1,1,0,eff_boxer_ADoubleTime.ccbi,MainWeapon,OffWeapon,0,0,eff_hit_jinzhanwuli.ccbi,0,0,eff_gameability_banner_boxer.ccbi,倍速时间,0,icn_ABulletStorm.png,onADoubleTimeCB,0,0,0,0,0,0
ADoubleTime3,倍速时间3,2,2,3,2,1,0,7,100,0,0,0,0,0,2,0,0,0,0,0,0,0,5000,0,5,2,1.3,0,Prepare,ABurstPunch,0,0,1,1,0,eff_boxer_ADoubleTime.ccbi,MainWeapon,OffWeapon,0,0,eff_hit_jinzhanwuli.ccbi,0,0,eff_gameability_banner_boxer.ccbi,倍速时间,0,icn_ABulletStorm.png,onADoubleTimeCB,0,0,0,0,0,0
ADoubleTime4,倍速时间4,2,2,3,2,1,0,7,100,0,0,0,0,0,2,0,0,0,0,0,0,0,5000,0,5,2,1.3,0,Prepare,ABurstPunch,0,0,1,1,0,eff_boxer_ADoubleTime.ccbi,MainWeapon,OffWeapon,0,0,eff_hit_jinzhanwuli.ccbi,0,0,eff_gameability_banner_boxer.ccbi,倍速时间,0,icn_ABulletStorm.png,onADoubleTimeCB,0,0,0,0,0,0
ADoubleTime5,倍速时间5,2,2,3,2,1,0,7,100,0,0,0,0,0,2,0,0,0,0,0,0,0,5000,0,5,2,1.3,0,Prepare,ABurstPunch,0,0,1,1,0,eff_boxer_ADoubleTime.ccbi,MainWeapon,OffWeapon,0,0,eff_hit_jinzhanwuli.ccbi,0,0,eff_gameability_banner_boxer.ccbi,倍速时间,0,icn_ABulletStorm.png,onADoubleTimeCB,0,0,0,0,0,0
PCombinationPunch1,组合拳1,4,1,2,1.5,1,0,0,0,0,12,0,0,0,2,0,0,0,0,0,0,0,3000,0,3,1,-5,0,PCombinationPunch,0,0,0,2,1,Eff/Tower/eff_mage_PHugeFireBall,eff_mage_PHugeFireBall,MainWeapon,OffWeapon,0,0,eff_hit_jinzhanwuli.ccbi,0,0,0,组合拳,0,icn_ABulletStorm.png,onPCombinationPunchCB,0,0,0,0,0,0
PCombinationPunch2,组合拳2,4,1,2,1.5,1,0,0,0,0,15,0,0,0,2,0,0,0,0,0,0,0,3000,0,3,1,-5,0,PCombinationPunch,0,0,0,2,1,Eff/Tower/eff_mage_PHugeFireBall,eff_mage_PHugeFireBall,MainWeapon,OffWeapon,0,0,eff_hit_jinzhanwuli.ccbi,0,0,0,组合拳,0,icn_ABulletStorm.png,onPCombinationPunchCB,0,0,0,0,0,0
PCombinationPunch3,组合拳3,4,1,2,1.5,1,0,0,0,0,18,0,0,0,2,0,0,0,0,0,0,0,3000,0,3,1,-5,0,PCombinationPunch,0,0,0,2,1,Eff/Tower/eff_mage_PHugeFireBall,eff_mage_PHugeFireBall,MainWeapon,OffWeapon,0,0,eff_hit_jinzhanwuli.ccbi,0,0,0,组合拳,0,icn_ABulletStorm.png,onPCombinationPunchCB,0,0,0,0,0,0
PCombinationPunch4,组合拳4,4,1,2,1.5,1,0,0,0,0,21,0,0,0,2,0,0,0,0,0,0,0,3000,0,3,1,-5,0,PCombinationPunch,0,0,0,2,1,Eff/Tower/eff_mage_PHugeFireBall,eff_mage_PHugeFireBall,MainWeapon,OffWeapon,0,0,eff_hit_jinzhanwuli.ccbi,0,0,0,组合拳,0,icn_ABulletStorm.png,onPCombinationPunchCB,0,0,0,0,0,0
PCombinationPunch5,组合拳5,4,1,2,1.5,1,0,0,0,0,27,0,0,0,2,0,0,0,0,0,0,0,3000,0,3,1,-5,0,PCombinationPunch,0,0,0,2,1,Eff/Tower/eff_mage_PHugeFireBall,eff_mage_PHugeFireBall,MainWeapon,OffWeapon,0,0,eff_hit_jinzhanwuli.ccbi,0,0,0,组合拳,0,icn_ABulletStorm.png,onPCombinationPunchCB,0,0,0,0,0,0
PDoubleTime1,倍速时间1,4,1,2,0,1,0,0,0,0,12,0,0,0,1,2,0,0.3,0.3,0,0,0,5000,0,0,0,0,0,PDoubleTime,0,0,0,2,1,Eff/Tower/eff_mage_PHugeFireBall,eff_mage_PHugeFireBall,MainWeapon,OffWeapon,1,0,eff_hit_jinzhanwuli.ccbi,0,0,0,倍速时间,0,icn_ABulletStorm.png,onPDoubleTimeCB,0,0,0,0,0,0
PDoubleTime2,倍速时间2,4,1,2,0,1,0,0,0,0,15,0,0,0,1,2,0,0.3,0.3,0,0,0,5000,0,0,0,0,0,PDoubleTime,0,0,0,2,1,Eff/Tower/eff_mage_PHugeFireBall,eff_mage_PHugeFireBall,MainWeapon,OffWeapon,1,0,eff_hit_jinzhanwuli.ccbi,0,0,0,倍速时间,0,icn_ABulletStorm.png,onPDoubleTimeCB,0,0,0,0,0,0
PDoubleTime3,倍速时间3,4,1,2,0,1,0,0,0,0,18,0,0,0,1,2,0,0.3,0.3,0,0,0,5000,0,0,0,0,0,PDoubleTime,0,0,0,2,1,Eff/Tower/eff_mage_PHugeFireBall,eff_mage_PHugeFireBall,MainWeapon,OffWeapon,1,0,eff_hit_jinzhanwuli.ccbi,0,0,0,倍速时间,0,icn_ABulletStorm.png,onPDoubleTimeCB,0,0,0,0,0,0
PDoubleTime4,倍速时间4,4,1,2,0,1,0,0,0,0,21,0,0,0,1,2,0,0.3,0.3,0,0,0,5000,0,0,0,0,0,PDoubleTime,0,0,0,2,1,Eff/Tower/eff_mage_PHugeFireBall,eff_mage_PHugeFireBall,MainWeapon,OffWeapon,1,0,eff_hit_jinzhanwuli.ccbi,0,0,0,倍速时间,0,icn_ABulletStorm.png,onPDoubleTimeCB,0,0,0,0,0,0
PDoubleTime5,倍速时间5,4,1,2,0,1,0,0,0,0,27,0,0,0,1,2,0,0.3,0.3,0,0,0,5000,0,0,0,0,0,PDoubleTime,0,0,0,2,1,Eff/Tower/eff_mage_PHugeFireBall,eff_mage_PHugeFireBall,MainWeapon,OffWeapon,1,0,eff_hit_jinzhanwuli.ccbi,0,0,0,倍速时间,0,icn_ABulletStorm.png,onPDoubleTimeCB,0,0,0,0,0,0
PHadoken1,波动拳1,4,1,2,0,1,0,0,0,0,12,0,0,0,1,2,0,0,0,0,0,0,3000,0,0,0,0,3,PHadoken,0,0,0,2,1,Eff/Tower/eff_mage_PHugeFireBall,eff_mage_PHugeFireBall,MainWeapon,OffWeapon,1,0,eff_hit_jinzhanwuli.ccbi,0,0,0,波动拳,0,icn_ABulletStorm.png,onPHadokenCB,0,0,0,0,0,0
PHadoken2,波动拳2,4,1,2,0,1,0,0,0,0,15,0,0,0,1,2,0,0,0,0,0,0,3000,0,0,0,0,3,PHadoken,0,0,0,2,1,Eff/Tower/eff_mage_PHugeFireBall,eff_mage_PHugeFireBall,MainWeapon,OffWeapon,1,0,eff_hit_jinzhanwuli.ccbi,0,0,0,波动拳,0,icn_ABulletStorm.png,onPHadokenCB,0,0,0,0,0,0
PHadoken3,波动拳3,4,1,2,0,1,0,0,0,0,18,0,0,0,1,2,0,0,0,0,0,0,3000,0,0,0,0,3,PHadoken,0,0,0,2,1,Eff/Tower/eff_mage_PHugeFireBall,eff_mage_PHugeFireBall,MainWeapon,OffWeapon,1,0,eff_hit_jinzhanwuli.ccbi,0,0,0,波动拳,0,icn_ABulletStorm.png,onPHadokenCB,0,0,0,0,0,0
PHadoken4,波动拳4,4,1,2,0,1,0,0,0,0,21,0,0,0,1,2,0,0,0,0,0,0,3000,0,0,0,0,3,PHadoken,0,0,0,2,1,Eff/Tower/eff_mage_PHugeFireBall,eff_mage_PHugeFireBall,MainWeapon,OffWeapon,1,0,eff_hit_jinzhanwuli.ccbi,0,0,0,波动拳,0,icn_ABulletStorm.png,onPHadokenCB,0,0,0,0,0,0
PHadoken5,波动拳5,4,1,2,0,1,0,0,0,0,27,0,0,0,1,2,0,0,0,0,0,0,3000,0,0,0,0,3,PHadoken,0,0,0,2,1,Eff/Tower/eff_mage_PHugeFireBall,eff_mage_PHugeFireBall,MainWeapon,OffWeapon,1,0,eff_hit_jinzhanwuli.ccbi,0,0,0,波动拳,0,icn_ABulletStorm.png,onPHadokenCB,0,0,0,0,0,0
